...1,IDpol,Exposure,VehPower,VehAge,DrivAge,BonusMalus,VehBrand,VehGas,Area,Density,Region,ClaimTotal,ClaimNb
1042,2173,0.69,8,0,53,50,B12,Regular,E,3132,Ile-de-France,0,0
1437,2971,0.68,7,0,47,50,B12,Diesel,E,2907,Ile-de-France,0,0
1965,4090,0.2,5,0,26,76,B12,Regular,E,9307,Rhone-Alpes,0,0
2173,4523,0.56,4,0,25,100,B12,Regular,C,481,Rhone-Alpes,0,0
2757,5736,0.46,7,0,75,76,B12,Regular,E,4792,Ile-de-France,0,0
3439,7235,0.00273224043715847,5,0,61,50,B12,Regular,E,7752,Ile-de-France,0,0
3896,8341,0.06,7,0,38,59,B12,Diesel,D,1706,Ile-de-France,0,0
5121,16774,1,4,13,72,50,B2,Regular,C,133,Bretagne,0,0
5375,17267,0.24,4,10,65,50,B1,Regular,E,2051,Rhone-Alpes,0,0
5565,17611,0.24,6,1,66,50,B1,Diesel,E,3866,Centre,0,0
5767,18004,0.24,6,8,43,59,B1,Diesel,A,10,Centre,0,0
6262,18928,0.41,4,7,49,50,B1,Regular,E,4116,Centre,0,0
6954,20269,1,5,1,40,50,B5,Diesel,C,182,Centre,0,0
7227,20802,1,7,5,56,55,B1,Diesel,C,229,Bretagne,0,0
7485,21296,0.74,7,8,48,50,B5,Regular,B,78,Rhone-Alpes,0,0
7898,22077,1,6,2,40,50,B2,Diesel,A,41,Centre,0,0
8091,22443,0.76,7,1,51,50,B1,Diesel,A,8,Pays-de-la-Loire,0,0
8227,22711,1,4,2,49,52,B6,Regular,C,208,Pays-de-la-Loire,0,0
8269,22796,1,7,7,59,50,B13,Regular,D,1127,Centre,0,0
8297,22848,0.84,4,2,58,50,B1,Regular,D,634,Bretagne,0,0
9206,24621,1,7,8,45,50,B2,Regular,B,58,Centre,0,0
9242,24686,0.74,6,2,25,50,B5,Diesel,B,50,Centre,0,0
9939,25936,0.75,6,9,62,50,B2,Diesel,A,6,Limousin,0,0
10362,26667,1,6,7,30,50,B1,Diesel,A,46,Pays-de-la-Loire,0,0
10916,27645,0.33,5,3,54,50,B2,Regular,A,42,Centre,0,0
11729,29163,0.62,7,7,38,50,B10,Diesel,A,44,Centre,0,0
11917,29498,1,4,12,23,51,B2,Regular,E,4128,Pays-de-la-Loire,0,0
12348,30292,1,8,9,46,64,B2,Diesel,C,268,Bretagne,0,0
12467,30501,0.69,5,14,29,50,B2,Regular,B,70,Bretagne,0,0
13344,32114,0.71,5,4,40,76,B1,Regular,A,16,Centre,0,0
13527,32457,0.25,6,8,53,50,B1,Diesel,B,93,Poitou-Charentes,0,0
14005,33363,1,7,10,63,50,B1,Regular,C,230,Poitou-Charentes,0,0
14282,33887,1,5,13,36,85,B2,Diesel,D,657,Poitou-Charentes,0,0
15024,35233,1,11,7,45,50,B3,Regular,C,113,Rhone-Alpes,0,0
15714,36535,1,4,8,25,80,B2,Regular,A,10,Centre,0,0
15951,36959,1,7,1,56,105,B11,Diesel,C,307,Centre,5742.91,2
16615,38234,0.49,6,13,25,72,B3,Regular,E,2767,Pays-de-la-Loire,0,0
17182,39213,0.87,6,18,42,50,B1,Regular,C,286,Centre,0,0
17536,39840,1,6,4,60,50,B3,Regular,F,17140,Ile-de-France,0,0
17892,40447,1,5,4,28,68,B3,Diesel,C,218,Rhone-Alpes,0,0
19481,43206,0.18,4,1,69,50,B1,Regular,A,31,Pays-de-la-Loire,0,0
20006,44317,1,6,4,51,50,B6,Regular,C,110,Centre,0,0
20086,44455,0.42,4,13,27,95,B1,Regular,E,4762,Provence-Alpes-Cotes-D'Azur,0,0
20937,45978,1,6,1,80,50,B2,Regular,D,647,Lorraine,0,0
21053,46202,1,4,5,61,50,B5,Regular,D,776,Lorraine,0,0
22648,49094,1,5,10,30,50,B1,Regular,C,354,Pays-de-la-Loire,0,0
24639,52762,0.8,8,15,46,50,B1,Regular,C,405,Centre,0,0
25142,53625,0.05,5,10,53,50,B5,Diesel,A,32,Centre,0,0
25889,55004,1,4,6,49,50,B6,Regular,E,4116,Centre,0,0
26359,55945,1,6,6,63,50,B2,Diesel,A,40,Rhone-Alpes,0,0
26591,56386,0.27,6,8,44,63,B2,Diesel,D,1313,Centre,0,0
26699,56572,0.37,9,10,28,60,B1,Regular,A,26,Centre,0,0
26929,56956,0.12,5,19,36,50,B1,Regular,B,61,Centre,0,0
27694,58312,0.19,4,18,27,64,B1,Regular,A,27,Centre,0,0
28799,60321,0.15,6,0,38,50,B1,Regular,A,28,Picardie,0,0
30008,62471,0.72,4,10,36,50,B5,Regular,B,70,Rhone-Alpes,0,0
30862,64015,1,4,9,39,50,B1,Regular,C,247,Provence-Alpes-Cotes-D'Azur,0,0
33000,67745,1,6,9,78,50,B1,Regular,C,377,Provence-Alpes-Cotes-D'Azur,0,0
33074,67890,1,6,3,39,50,B2,Regular,C,140,Rhone-Alpes,0,0
34239,69985,0.26,5,3,43,50,B2,Diesel,C,369,Bretagne,0,0
35684,72663,0.13,5,9,35,71,B5,Diesel,B,57,Centre,0,0
41459,83699,0.4,6,14,64,50,B13,Regular,A,11,Centre,0,0
41793,84295,1,4,14,44,60,B1,Regular,D,1408,Pays-de-la-Loire,0,0
41857,84417,0.95,7,11,53,50,B3,Regular,D,1408,Pays-de-la-Loire,0,0
42895,86654,1,7,1,47,50,B12,Regular,E,3075,Aquitaine,0,0
44263,89247,0.35,6,14,27,64,B14,Regular,A,27,Centre,0,0
46058,93226,0.79,13,18,52,50,B1,Diesel,E,8455,Rhone-Alpes,0,0
46491,93992,0.18,6,13,48,50,B4,Regular,E,4762,Provence-Alpes-Cotes-D'Azur,0,0
46520,94038,0.11,6,14,35,100,B12,Regular,E,4762,Provence-Alpes-Cotes-D'Azur,0,0
47567,96141,1,7,6,35,50,B5,Regular,A,27,Centre,0,0
47793,96633,0.49,5,14,70,50,B2,Regular,D,1974,Poitou-Charentes,0,0
48308,97973,0.22,5,14,18,100,B3,Regular,C,118,Centre,0,0
48323,98004,0.08,7,16,23,100,B2,Regular,C,192,Centre,0,0
48626,98663,0.73,7,15,86,50,B2,Regular,D,1110,Rhone-Alpes,1128.12,1
49108,99571,0.33,4,8,86,62,B6,Regular,C,181,Nord-Pas-de-Calais,0,0
49847,100989,0.57,6,7,64,54,B6,Diesel,A,10,Centre,0,0
51343,104258,0.75,6,10,61,50,B1,Diesel,C,369,Centre,0,0
52354,106381,0.4,5,0,64,58,B4,Regular,C,476,Poitou-Charentes,0,0
52598,106989,0.1,8,0,34,50,B2,Regular,F,27000,Ile-de-France,0,0
52905,107717,0.13,6,8,53,50,B1,Regular,C,188,Languedoc-Roussillon,0,0
54350,110907,0.1,4,3,51,50,B1,Regular,C,110,Centre,0,0
56497,116632,0.04,7,0,44,50,B2,Regular,D,1192,Bretagne,0,0
57006,119115,0.52,7,12,48,100,B2,Regular,E,3744,Provence-Alpes-Cotes-D'Azur,0,0
57045,119375,0.5,7,20,52,90,B12,Regular,E,3095,Nord-Pas-de-Calais,0,0
57216,119812,0.1,7,14,22,95,B5,Regular,C,182,Rhone-Alpes,0,0
58257,126160,1,6,7,41,50,B2,Diesel,C,164,Centre,0,0
58973,127530,0.72,7,0,52,50,B1,Regular,D,1064,Centre,0,0
59990,129461,0.00273224043715847,5,13,40,50,B4,Regular,C,316,Basse-Normandie,0,0
60303,130075,1,7,2,53,76,B4,Diesel,D,575,Bretagne,0,0
63513,136073,0.78,13,6,57,50,B11,Regular,D,509,Rhone-Alpes,0,0
64291,137562,0.47,9,0,47,50,B2,Regular,C,399,Centre,0,0
65618,140051,0.15,12,4,33,72,B10,Diesel,C,213,Languedoc-Roussillon,0,0
65912,140616,0.21,7,7,30,75,B1,Regular,C,239,Centre,0,0
66967,142556,1,12,21,55,50,B10,Diesel,E,2252,Rhone-Alpes,0,0
67226,143030,1,9,8,53,50,B10,Diesel,A,30,Centre,0,0
67714,143922,1,6,2,52,50,B2,Regular,A,32,Centre,0,0
67761,144013,0.05,5,8,29,50,B2,Diesel,A,24,Centre,0,0
68429,145219,0.22,6,7,40,50,B1,Diesel,E,4128,Pays-de-la-Loire,0,0
68579,145512,0.62,7,6,68,50,B4,Regular,B,94,Bretagne,0,0
69519,147237,0.89,5,1,31,57,B2,Diesel,E,2715,Centre,0,0
70375,148797,0.84,6,4,29,76,B2,Diesel,A,23,Bretagne,0,0
70582,149181,1,6,6,30,68,B1,Diesel,B,84,Centre,0,0
70586,149188,0.2,6,9,34,71,B3,Diesel,A,29,Bourgogne,0,0
71671,151178,1,4,2,26,64,B2,Diesel,E,3457,Rhone-Alpes,0,0
72787,153163,0.24,6,3,71,90,B1,Diesel,C,393,Centre,0,0
73123,153737,0.48,4,4,29,57,B2,Diesel,C,480,Pays-de-la-Loire,0,0
73149,153785,0.7,7,6,45,50,B1,Diesel,D,893,Rhone-Alpes,0,0
73797,154927,0.89,5,3,40,50,B3,Diesel,A,49,Centre,0,0
73848,155015,0.29,11,11,36,50,B1,Diesel,A,40,Centre,0,0
74796,156726,0.76,6,11,31,50,B6,Diesel,B,57,Centre,0,0
75731,158439,1,6,11,28,57,B3,Regular,A,11,Centre,0,0
76791,160325,1,7,15,54,50,B2,Diesel,B,84,Pays-de-la-Loire,0,0
77253,161188,0.9,5,0,29,52,B2,Diesel,B,67,Centre,0,0
77880,162333,0.32,5,11,39,50,B6,Regular,A,48,Centre,0,0
78075,162687,0.15,6,9,55,50,B1,Regular,C,229,Bretagne,0,0
78823,164023,1,4,15,59,50,B1,Regular,C,289,Rhone-Alpes,0,0
78925,164209,0.75,5,14,49,112,B4,Regular,C,302,Bretagne,0,0
79918,166027,0.5,10,16,57,50,B10,Regular,E,4116,Centre,0,0
80973,167936,0.75,6,8,44,54,B1,Diesel,C,286,Centre,0,0
81039,168048,1,8,11,27,68,B11,Regular,C,155,Centre,0,0
81090,168136,1,5,8,71,50,B1,Regular,D,1228,Rhone-Alpes,0,0
82581,170753,0.93,5,12,41,50,B2,Diesel,E,8455,Rhone-Alpes,0,0
83232,171902,1,6,1,35,60,B6,Diesel,E,3258,Ile-de-France,0,0
83502,172376,0.61,4,2,27,68,B1,Regular,A,18,Centre,0,0
84534,174219,1,8,9,32,62,B13,Regular,C,198,Ile-de-France,0,0
85186,175400,1,5,9,47,50,B4,Regular,C,142,Pays-de-la-Loire,0,0
86185,177213,1,6,5,52,50,B2,Diesel,A,18,Centre,0,0
88984,1003771,0.03,5,1,35,63,B12,Regular,C,154,Rhone-Alpes,0,0
89173,1004137,0.63,9,6,27,64,B13,Regular,C,291,Ile-de-France,0,0
90304,1006310,0.53,9,10,23,100,B1,Regular,A,20,Basse-Normandie,0,0
92190,1009540,0.78,11,4,51,51,B12,Regular,C,346,Lorraine,0,0
93179,1011070,0.88,10,1,36,50,B12,Regular,D,824,Languedoc-Roussillon,0,0
93265,1011198,0.06,5,1,39,100,B12,Regular,F,27000,Ile-de-France,2256.24,1
93310,1011259,0.95,5,0,46,54,B12,Regular,E,8884,Ile-de-France,0,0
93455,1011467,0.43,9,2,47,50,B12,Regular,D,824,Languedoc-Roussillon,1207.98,1
93773,1011799,0.36,5,2,30,64,B3,Diesel,C,127,Nord-Pas-de-Calais,0,0
93819,1011845,0.42,4,1,36,50,B12,Regular,D,1241,Bourgogne,0,0
94861,1012888,0.39,11,0,76,50,B12,Diesel,E,3317,Provence-Alpes-Cotes-D'Azur,1200.93,2
95649,1013676,0.23,4,0,29,75,B12,Regular,D,712,Basse-Normandie,0,0
97983,1016010,0.06,4,0,65,50,B12,Regular,E,3317,Provence-Alpes-Cotes-D'Azur,0,0
98285,1016312,0.1,5,0,32,54,B12,Regular,E,2054,Provence-Alpes-Cotes-D'Azur,0,0
99868,1019295,1,5,13,48,50,B2,Diesel,A,18,Centre,0,0
100515,1020629,1,7,5,47,50,B1,Regular,E,4116,Centre,0,0
101579,1022856,1,6,5,68,50,B2,Diesel,C,261,Bretagne,0,0
102387,1024506,0.59,6,12,35,50,B1,Diesel,C,405,Centre,44927.41,1
103752,1027643,1,5,3,24,95,B1,Regular,C,222,Centre,1032.16,1
104482,1029217,0.33,7,15,53,56,B5,Regular,A,16,Centre,0,0
104536,1029334,0.89,7,15,41,50,B2,Diesel,D,1199,Pays-de-la-Loire,0,0
104822,1029983,0.74,6,7,23,80,B2,Diesel,B,55,Bretagne,0,0
105732,1031992,0.55,7,5,48,50,B3,Diesel,C,214,Bourgogne,0,0
106442,1033500,0.32,6,11,41,57,B1,Diesel,D,1203,Poitou-Charentes,0,0
106554,1033748,0.04,5,4,31,72,B3,Diesel,B,89,Pays-de-la-Loire,0,0
106678,1034001,1,10,14,28,80,B5,Regular,A,12,Poitou-Charentes,0,0
106952,1034624,0.2,7,1,32,50,B4,Diesel,B,94,Poitou-Charentes,0,0
107266,1035310,1,4,3,53,50,B2,Regular,E,2472,Rhone-Alpes,0,0
107794,1036428,1,7,14,33,50,B1,Regular,E,2044,Centre,0,0
108249,1037452,0.69,5,0,38,50,B2,Diesel,B,90,Lorraine,0,0
108815,1038639,1,4,6,36,54,B2,Regular,C,196,Centre,0,0
111141,1043923,0.86,5,12,44,50,B3,Diesel,A,45,Centre,0,0
111183,1043981,0.15,10,4,56,50,B14,Diesel,B,57,Aquitaine,0,0
111493,1044679,0.43,6,10,39,62,B1,Diesel,E,2105,Rhone-Alpes,0,0
112857,1047722,1,6,2,33,58,B3,Diesel,C,277,Rhone-Alpes,0,0
114427,1051296,0.45,6,1,30,59,B2,Diesel,D,721,Provence-Alpes-Cotes-D'Azur,0,0
114636,1051618,0.37,5,2,38,50,B1,Diesel,C,405,Centre,0,0
114645,1051637,0.33,7,5,28,95,B6,Diesel,C,369,Centre,1462.88,1
114845,1052072,0.06,11,17,43,50,B1,Regular,C,405,Centre,0,0
115867,1054415,0.49,5,2,45,80,B2,Regular,A,45,Centre,0,0
116444,1055593,1,6,7,33,50,B2,Diesel,A,29,Rhone-Alpes,0,0
116986,1056809,1,7,7,61,50,B2,Diesel,B,61,Centre,0,0
120385,1064477,0.03,6,15,28,64,B1,Regular,C,117,Rhone-Alpes,0,0
120854,1065545,0.33,6,10,56,50,B1,Diesel,F,27000,Ile-de-France,0,0
121356,1066850,0.49,6,13,24,50,B1,Diesel,C,120,Languedoc-Roussillon,0,0
123574,1071804,0.49,5,8,31,72,B5,Diesel,B,91,Centre,0,0
124530,1073829,1,5,11,32,64,B5,Diesel,D,1313,Centre,0,0
124739,1074278,1,5,1,29,50,B3,Regular,C,421,Centre,0,0
125049,1074944,1,4,3,72,55,B2,Regular,E,2951,Lorraine,1128,1
125677,1076287,1,5,2,45,50,B5,Regular,C,209,Rhone-Alpes,0,0
126026,1077053,0.48,7,16,30,85,B2,Diesel,A,40,Rhone-Alpes,0,0
126288,1077534,1,7,6,74,50,B2,Diesel,D,1273,Nord-Pas-de-Calais,0,0
126289,1077536,0.23,10,16,38,51,B12,Regular,E,4762,Provence-Alpes-Cotes-D'Azur,0,0
126703,1078432,0.03,7,15,29,67,B11,Regular,A,39,Centre,0,0
126855,1078732,0.96,6,12,43,50,B1,Diesel,A,36,Bretagne,0,0
127240,1079431,0.96,7,1,45,60,B13,Regular,D,533,Provence-Alpes-Cotes-D'Azur,0,0
127416,1079817,1,7,17,39,50,B1,Regular,A,9,Centre,0,0
128366,1081918,0.38,7,2,49,50,B2,Diesel,E,2733,Provence-Alpes-Cotes-D'Azur,0,0
129395,1083996,0.86,7,15,57,50,B1,Regular,C,116,Pays-de-la-Loire,0,0
129648,1084581,0.14,6,18,29,68,B12,Regular,C,169,Pays-de-la-Loire,0,0
130532,1086208,0.14,9,15,31,72,B2,Regular,D,1326,Provence-Alpes-Cotes-D'Azur,0,0
130589,1086332,0.04,7,5,32,72,B4,Regular,D,614,Provence-Alpes-Cotes-D'Azur,0,0
131171,1087502,1,4,9,23,90,B1,Regular,D,747,Bretagne,0,0
132297,1089870,0.08,5,14,25,80,B2,Regular,D,1408,Pays-de-la-Loire,0,0
133751,1092560,0.72,7,6,30,60,B5,Regular,B,87,Rhone-Alpes,0,0
133997,1092892,0.3,8,12,31,60,B2,Regular,D,1753,Rhone-Alpes,0,0
134758,1094551,0.76,4,13,32,54,B2,Regular,E,3103,Rhone-Alpes,0,0
135372,1095612,1,6,10,34,50,B13,Regular,C,425,Centre,0,0
135858,1096634,0.23,5,15,71,50,B2,Regular,D,1974,Poitou-Charentes,0,0
136596,1097796,0.14,5,10,28,80,B5,Diesel,C,158,Bretagne,0,0
136622,1097848,1,4,2,24,90,B4,Diesel,A,41,Centre,0,0
137360,1099329,1,5,11,36,106,B2,Diesel,D,1054,Centre,432.69,1
137645,1099905,0.94,4,3,38,50,B6,Regular,E,2227,Nord-Pas-de-Calais,0,0
137924,1100508,0.22,7,8,24,85,B2,Regular,E,2257,Aquitaine,0,0
138207,1101068,0.07,7,9,32,60,B3,Regular,E,2740,Picardie,0,0
138444,1101475,0.11,4,20,57,50,B1,Regular,D,653,Rhone-Alpes,1625.32,1
138999,1102471,1,7,12,44,50,B2,Diesel,A,30,Centre,0,0
139234,1102945,1,5,7,44,50,B2,Regular,C,182,Centre,0,0
139576,1103559,0.59,5,1,50,63,B2,Regular,E,3317,Provence-Alpes-Cotes-D'Azur,0,0
140009,1104432,1,7,3,46,50,B2,Diesel,E,3490,Nord-Pas-de-Calais,0,0
140744,1105781,0.55,9,11,36,52,B12,Diesel,C,149,Centre,0,0
141376,1106921,0.3,7,9,32,61,B4,Regular,E,4393,Ile-de-France,0,0
141723,1107555,1,6,10,47,50,B1,Diesel,D,1182,Rhone-Alpes,0,0
141886,1107856,0.44,5,4,50,50,B1,Regular,E,3963,Languedoc-Roussillon,0,0
142872,1109601,0.52,6,4,31,76,B2,Diesel,C,115,Centre,0,0
143060,1109972,1,10,11,41,50,B2,Diesel,B,68,Bretagne,0,0
143076,1110003,0.75,4,10,41,50,B2,Regular,C,140,Rhone-Alpes,0,0
143252,1110348,0.92,5,10,24,80,B3,Diesel,D,1284,Basse-Normandie,0,0
144556,1112413,0.81,4,14,35,112,B2,Regular,C,393,Centre,0,0
146514,1115663,1,6,15,30,51,B1,Diesel,D,1601,Lorraine,0,0
146769,1115993,1,8,12,43,50,B3,Regular,C,405,Centre,0,0
147670,1117287,1,4,6,31,68,B2,Regular,D,614,Centre,0,0
147912,1117694,1,6,1,66,50,B2,Regular,C,165,Bretagne,0,0
148498,1118352,0.25,4,1,52,90,B1,Regular,E,9307,Rhone-Alpes,0,0
149533,1119718,0.44,6,12,27,95,B4,Regular,E,2567,Ile-de-France,0,0
150227,1120682,0.65,6,13,65,72,B1,Diesel,E,3657,Rhone-Alpes,0,0
150979,1121701,0.24,7,20,32,51,B2,Regular,C,108,Bretagne,0,0
152964,1123782,0.23,4,15,28,95,B5,Regular,C,125,Rhone-Alpes,0,0
153270,1124088,0.18,6,13,28,85,B5,Regular,E,3021,Bretagne,0,0
153996,1124814,0.08,4,5,38,51,B1,Regular,A,27,Centre,0,0
154513,1125331,0.01,6,14,50,100,B3,Regular,A,41,Centre,0,0
154582,1125455,0.01,5,1,54,50,B2,Diesel,C,405,Centre,0,0
154945,1126215,1,4,3,73,50,B1,Regular,B,73,Centre,0,0
155398,1127162,0.08,7,14,40,50,B1,Regular,E,4116,Centre,0,0
155571,1127525,1,6,6,67,50,B2,Diesel,D,741,Centre,0,0
157432,1131450,1,4,16,43,50,B1,Regular,B,54,Centre,0,0
157898,1132458,1,4,4,39,50,B1,Regular,D,657,Poitou-Charentes,0,0
158131,1132966,0.6,7,15,43,50,B1,Regular,A,13,Centre,0,0
159337,1135562,1,7,7,56,50,B2,Diesel,D,634,Bretagne,0,0
160684,1138421,0.19,5,4,34,50,B5,Diesel,D,1064,Centre,0,0
161455,1140065,0.69,7,9,62,50,B2,Diesel,C,380,Pays-de-la-Loire,0,0
161530,1140224,0.81,5,2,39,50,B2,Diesel,C,354,Pays-de-la-Loire,0,0
161639,1140456,1,6,6,32,64,B3,Diesel,C,120,Centre,0,0
161899,1141038,1,6,1,69,50,B2,Regular,C,264,Ile-de-France,0,0
162469,1142286,0.55,7,1,57,50,B1,Diesel,A,45,Centre,0,0
162517,1142372,1,5,6,53,50,B1,Regular,D,1313,Centre,0,0
162811,1143007,0.46,5,6,39,50,B1,Regular,A,30,Centre,0,0
163136,1143730,1,5,15,76,50,B2,Regular,B,73,Provence-Alpes-Cotes-D'Azur,0,0
163277,1144033,0.64,7,0,26,60,B4,Regular,A,38,Centre,0,0
163427,1144363,0.6,6,9,31,57,B6,Diesel,C,481,Rhone-Alpes,0,0
164115,1145886,0.86,8,2,31,50,B6,Diesel,C,498,Pays-de-la-Loire,0,0
165624,1149207,1,5,15,31,54,B4,Regular,D,821,Centre,0,0
166090,1150209,1,6,3,34,51,B5,Diesel,C,130,Bretagne,0,0
166453,1151026,1,6,12,44,50,B1,Diesel,C,405,Centre,0,0
166572,1151304,1,7,10,63,95,B2,Regular,E,4762,Provence-Alpes-Cotes-D'Azur,0,0
168177,1155007,0.85,6,5,31,76,B3,Diesel,B,66,Centre,0,0
168335,1155345,0.63,4,11,34,95,B2,Regular,D,863,Rhone-Alpes,0,0
169158,1157199,0.33,6,6,75,51,B5,Regular,D,741,Centre,0,0
169467,1157895,0.12,8,0,54,50,B2,Diesel,D,1284,Basse-Normandie,385.13,1
169808,1158632,0.45,4,6,33,60,B3,Regular,B,91,Centre,0,0
169871,1158783,0.59,6,10,40,72,B2,Regular,B,61,Centre,0,0
170286,1159716,0.2,4,13,33,57,B2,Regular,C,283,Basse-Normandie,0,0
170636,1160510,1,5,2,26,90,B5,Regular,E,4436,Basse-Normandie,0,0
170715,1160682,0.71,7,7,41,112,B5,Regular,D,1328,Rhone-Alpes,0,0
170789,1160836,0.7,9,14,45,60,B13,Diesel,A,18,Pays-de-la-Loire,0,0
170998,1161295,0.9,5,6,36,90,B1,Regular,F,16291,Ile-de-France,14871.57,1
172310,1164243,1,5,3,38,50,B1,Diesel,A,23,Rhone-Alpes,0,0
173964,1167913,0.23,6,16,28,64,B1,Regular,E,3457,Rhone-Alpes,0,0
174003,1168000,0.73,7,10,61,50,B11,Diesel,D,606,Rhone-Alpes,0,0
174297,1168693,1,10,6,46,50,B10,Regular,E,2252,Rhone-Alpes,0,0
174669,1169550,0.87,4,16,41,50,B5,Regular,B,75,Basse-Normandie,0,0
175000,1170336,0.27,7,7,46,50,B1,Diesel,D,824,Ile-de-France,0,0
177622,1176305,0.4,9,19,27,80,B5,Diesel,D,1943,Centre,0,0
178473,1178108,1,5,4,74,50,B2,Regular,C,230,Bretagne,0,0
179095,1179101,0.83,5,3,38,50,B1,Regular,C,182,Centre,0,0
179665,1179681,1,4,0,30,100,B1,Diesel,D,1326,Provence-Alpes-Cotes-D'Azur,0,0
179948,1179964,0.99,7,18,40,50,B1,Diesel,B,85,Languedoc-Roussillon,0,0
179972,1179988,0.49,7,11,46,50,B2,Diesel,C,113,Rhone-Alpes,0,0
180060,1180076,1,7,13,58,50,B6,Regular,D,1271,Languedoc-Roussillon,0,0
182390,1182406,0.5,5,7,37,50,B1,Diesel,A,21,Provence-Alpes-Cotes-D'Azur,0,0
182561,1182577,0.44,9,18,33,68,B10,Regular,A,47,Provence-Alpes-Cotes-D'Azur,0,0
182806,1182822,0.03,8,12,28,90,B6,Diesel,E,3866,Centre,0,0
185738,1185754,0.95,5,16,41,50,B6,Regular,F,27000,Ile-de-France,0,0
185934,1185950,0.58,13,12,26,72,B11,Regular,D,782,Provence-Alpes-Cotes-D'Azur,0,0
186732,1186748,0.5,6,11,49,50,B1,Diesel,D,1006,Provence-Alpes-Cotes-D'Azur,0,0
186736,1186752,0.5,7,7,28,80,B11,Diesel,B,74,Midi-Pyrenees,0,0
187128,1187144,0.96,5,7,38,50,B3,Diesel,C,134,Provence-Alpes-Cotes-D'Azur,0,0
187505,1187521,0.48,5,4,36,55,B2,Diesel,A,22,Midi-Pyrenees,0,0
187769,1187785,0.5,5,0,59,50,B5,Regular,C,116,Languedoc-Roussillon,0,0
187956,1187972,0.98,6,8,35,61,B3,Diesel,C,487,Provence-Alpes-Cotes-D'Azur,0,0
189635,1189651,0.08,7,1,61,50,B10,Diesel,D,540,Nord-Pas-de-Calais,0,0
190291,1190307,0.49,10,8,49,50,B5,Diesel,D,1699,Languedoc-Roussillon,0,0
191595,1191611,0.5,6,3,47,72,B1,Diesel,D,598,Provence-Alpes-Cotes-D'Azur,0,0
192017,1192033,0.6,4,15,41,95,B1,Regular,E,3317,Provence-Alpes-Cotes-D'Azur,0,0
192059,1192075,0.81,7,2,57,62,B3,Diesel,D,1326,Provence-Alpes-Cotes-D'Azur,0,0
192447,1192463,1,6,5,33,60,B2,Diesel,A,18,Midi-Pyrenees,0,0
192482,1192498,0.49,9,0,41,50,B2,Regular,D,1557,Rhone-Alpes,0,0
192526,1192542,0.49,7,13,56,50,B2,Diesel,D,528,Provence-Alpes-Cotes-D'Azur,0,0
194091,1194107,0.08,7,3,40,50,B1,Regular,D,1974,Poitou-Charentes,0,0
194319,1194335,0.99,7,14,57,58,B1,Regular,C,103,Centre,0,0
197045,1197061,0.21,11,0,31,72,B11,Diesel,D,1846,Aquitaine,0,0
198126,1198142,1,4,12,40,50,B2,Regular,E,3862,Nord-Pas-de-Calais,0,0
198180,1198196,0.33,10,17,35,50,B3,Regular,B,83,Centre,0,0
198272,1198288,0.96,5,10,46,50,B5,Diesel,D,681,Rhone-Alpes,0,0
198321,1198337,1,6,0,61,50,B2,Regular,C,444,Bretagne,0,0
199120,2000233,0.03,8,10,31,60,B12,Regular,C,191,Bourgogne,0,0
200170,2002124,0.28,4,2,42,50,B12,Regular,C,383,Provence-Alpes-Cotes-D'Azur,0,0
201177,2004038,0.36,5,2,48,50,B12,Regular,C,365,Rhone-Alpes,0,0
201563,2004773,0.45,11,8,37,53,B2,Regular,C,403,Ile-de-France,0,0
202504,2006497,0.47,4,2,65,54,B12,Regular,D,1146,Bourgogne,0,0
203633,2008595,0.87,4,2,50,53,B12,Regular,E,3946,Rhone-Alpes,0,0
204561,2010317,0.03,10,10,23,85,B12,Diesel,D,631,Provence-Alpes-Cotes-D'Azur,0,0
206001,2012972,0.84,4,1,53,50,B12,Regular,E,2365,Nord-Pas-de-Calais,0,0
207223,2015253,0.54,10,1,70,54,B12,Regular,A,38,Haute-Normandie,0,0
208191,2017043,0.45,10,1,46,50,B12,Regular,C,289,Rhone-Alpes,0,0
209831,2020015,0.21,7,1,44,50,B12,Diesel,A,49,Languedoc-Roussillon,0,0
211270,2022561,0.96,14,0,74,50,B12,Regular,A,15,Provence-Alpes-Cotes-D'Azur,0,0
211458,2022958,0.04,6,0,49,50,B12,Regular,E,3317,Provence-Alpes-Cotes-D'Azur,0,0
211796,2023630,0.87,7,10,28,72,B3,Regular,C,382,Nord-Pas-de-Calais,0,0
212986,2026094,0.06,5,0,69,50,B12,Regular,A,50,Aquitaine,0,0
213983,2028211,0.11,6,0,41,50,B12,Diesel,D,1232,Provence-Alpes-Cotes-D'Azur,0,0
214443,2029212,0.31,4,0,24,90,B12,Regular,E,5859,Ile-de-France,0,0
215040,2035362,0.06,8,0,39,61,B12,Diesel,D,824,Languedoc-Roussillon,0,0
215649,2036681,0.3,4,0,46,50,B12,Diesel,B,87,Haute-Normandie,0,0
217785,2041945,0.05,10,4,44,50,B12,Diesel,B,52,Midi-Pyrenees,0,0
217832,2042109,0.04,12,0,55,50,B12,Diesel,E,3093,Haute-Normandie,0,0
218398,2046572,1,9,12,71,50,B2,Regular,B,91,Centre,0,0
219163,2048007,1,7,6,61,50,B2,Diesel,C,155,Centre,0,0
219772,2049113,1,6,5,65,50,B3,Regular,C,473,Bretagne,0,0
220258,2050000,1,7,13,57,90,B1,Regular,A,30,Centre,0,0
221038,2051414,1,11,10,53,50,B10,Diesel,A,35,Centre,0,0
222127,2053379,1,5,9,62,50,B5,Diesel,C,295,Pays-de-la-Loire,0,0
222732,2054402,0.95,7,5,28,64,B1,Diesel,B,76,Centre,0,0
223476,2055695,1,5,10,43,51,B2,Diesel,D,957,Pays-de-la-Loire,0,0
224823,2057996,0.31,11,6,39,62,B1,Diesel,B,72,Provence-Alpes-Cotes-D'Azur,0,0
226321,2060699,1,6,2,49,50,B2,Diesel,E,3430,Provence-Alpes-Cotes-D'Azur,0,0
228225,2063898,0.43,7,1,39,50,B2,Diesel,A,38,Haute-Normandie,0,0
228419,2064290,0.78,4,16,52,100,B2,Regular,D,741,Centre,0,0
229196,2065591,0.95,6,3,72,50,B1,Regular,D,776,Lorraine,0,0
229885,2066776,0.29,5,2,38,50,B2,Diesel,E,2580,Aquitaine,0,0
230025,2067010,1,6,9,49,50,B1,Diesel,B,56,Bretagne,0,0
230534,2067895,0.06,5,3,30,53,B4,Diesel,E,4128,Pays-de-la-Loire,0,0
230863,2068437,1,10,10,56,50,B3,Diesel,E,4427,Ile-de-France,0,0
232432,2071131,1,7,5,34,50,B6,Regular,D,1228,Rhone-Alpes,0,0
232667,2071530,1,7,6,48,50,B1,Regular,F,27000,Ile-de-France,0,0
233515,2073037,0.45,5,12,54,50,B2,Diesel,C,453,Provence-Alpes-Cotes-D'Azur,0,0
233534,2073075,0.41,4,15,53,50,B1,Regular,C,254,Centre,0,0
235192,2075936,0.16,5,8,44,50,B1,Regular,E,4762,Provence-Alpes-Cotes-D'Azur,0,0
236051,2077374,0.54,5,6,40,50,B3,Diesel,E,3075,Aquitaine,0,0
237608,2080089,0.21,7,1,76,50,B6,Diesel,D,1313,Centre,0,0
238354,2081390,1,5,5,57,50,B6,Diesel,E,4762,Provence-Alpes-Cotes-D'Azur,0,0
238480,2081605,1,7,12,46,50,B2,Regular,C,318,Poitou-Charentes,0,0
240180,2084494,0.97,4,12,32,50,B1,Regular,A,17,Provence-Alpes-Cotes-D'Azur,0,0
240675,2085383,1,12,8,64,50,B13,Regular,D,863,Rhone-Alpes,0,0
242153,2087984,0.98,4,12,23,100,B5,Regular,D,763,Pays-de-la-Loire,0,0
242177,2088025,0.88,5,1,30,57,B3,Diesel,D,1408,Pays-de-la-Loire,0,0
243312,2089974,0.53,9,16,49,50,B1,Regular,E,8455,Rhone-Alpes,0,0
243710,2090655,1,6,12,31,50,B1,Diesel,C,107,Languedoc-Roussillon,0,0
244048,2091212,0.36,9,6,46,50,B1,Regular,E,4348,Aquitaine,0,0
245533,2093770,1,6,10,44,50,B1,Diesel,D,1192,Bretagne,0,0
246008,2094633,1,9,12,47,50,B6,Diesel,A,34,Rhone-Alpes,0,0
247352,2097304,0.92,6,12,41,50,B2,Diesel,D,1466,Nord-Pas-de-Calais,243,1
247442,2097444,1,4,10,41,50,B1,Regular,D,1323,Rhone-Alpes,0,0
248434,2099167,1,7,16,37,50,B2,Regular,E,4087,Bretagne,0,0
248811,2099798,0.19,7,6,26,58,B1,Diesel,D,1489,Pays-de-la-Loire,0,0
249105,2100318,0.02,7,8,50,50,B1,Regular,C,163,Centre,0,0
249165,2100419,0.16,5,8,23,112,B3,Diesel,C,115,Centre,0,0
249484,2100970,0.6,7,14,44,50,B3,Regular,E,3688,Rhone-Alpes,0,0
249526,2101034,0.24,12,7,61,50,B5,Regular,D,1054,Centre,0,0
249534,2101046,0.14,7,14,44,90,B2,Regular,D,1054,Centre,0,0
250098,2101987,1,4,14,55,50,B4,Regular,A,36,Aquitaine,0,0
250293,2102328,0.32,6,9,61,50,B2,Diesel,D,1658,Picardie,0,0
250626,2103017,0.00273972602739726,7,3,63,50,B2,Regular,C,399,Centre,0,0
250783,2103324,0.26,5,8,19,90,B4,Regular,C,124,Centre,0,0
251091,2103932,0.27,7,10,24,90,B1,Diesel,D,745,Rhone-Alpes,0,0
252399,2106217,1,7,1,31,53,B12,Diesel,E,7403,Ile-de-France,0,0
252880,2107029,0.05,9,0,46,76,B10,Diesel,E,3075,Aquitaine,0,0
254919,2110821,0.59,5,2,37,50,B2,Diesel,A,41,Bourgogne,0,0
254951,2110872,1,7,8,52,50,B2,Diesel,A,31,Centre,0,0
255103,2111137,0.5,6,11,25,76,B1,Regular,D,634,Bretagne,0,0
256477,2113513,0.98,7,6,36,64,B11,Diesel,D,1704,Rhone-Alpes,0,0
257676,2115794,0.88,6,11,41,50,B1,Diesel,C,139,Bretagne,0,0
258275,2116829,0.86,4,18,51,50,B1,Regular,B,50,Basse-Normandie,0,0
258320,2116900,0.68,7,10,35,50,B11,Diesel,D,1313,Centre,0,0
258761,2117769,0.5,7,1,32,56,B2,Diesel,B,94,Centre,0,0
260731,2121464,0.62,7,5,46,50,B6,Regular,E,5449,Rhone-Alpes,0,0
261250,2122375,1,8,16,26,54,B1,Diesel,A,23,Centre,0,0
261510,2122774,0.69,12,7,25,80,B10,Diesel,D,1408,Pays-de-la-Loire,0,0
261986,2123643,0.3,5,9,52,50,B1,Regular,D,610,Provence-Alpes-Cotes-D'Azur,0,0
262134,2123942,0.1,15,13,76,50,B5,Regular,C,190,Bretagne,0,0
262839,2125433,0.13,4,8,46,50,B2,Regular,C,149,Centre,0,0
263197,2126054,0.47,6,12,42,50,B3,Diesel,A,30,Poitou-Charentes,0,0
263688,2127058,1,4,19,45,50,B2,Regular,F,10155,Ile-de-France,0,0
263763,2127188,0.97,7,3,38,58,B1,Diesel,C,416,Nord-Pas-de-Calais,3043.08,1
264444,2128590,0.68,5,1,21,90,B3,Diesel,C,165,Bretagne,0,0
264581,2128868,0.81,7,17,36,50,B2,Regular,B,59,Centre,0,0
265799,2131144,0.43,6,0,28,90,B1,Diesel,E,5449,Rhone-Alpes,0,0
266309,2132272,0.33,5,7,42,50,B1,Regular,A,49,Centre,0,0
267477,2134808,0.05,11,13,42,50,B1,Diesel,D,875,Provence-Alpes-Cotes-D'Azur,0,0
267818,2135488,1,4,1,54,50,B6,Regular,C,128,Centre,0,0
267841,2135530,0.13,6,15,26,90,B3,Regular,D,1054,Centre,0,0
270237,2140575,0.26,5,11,38,67,B2,Regular,E,3021,Bretagne,0,0
271045,2142412,0.76,6,10,33,68,B3,Diesel,D,904,Rhone-Alpes,0,0
271228,2142739,0.11,6,18,47,54,B2,Regular,C,405,Centre,0,0
271769,2143963,0.17,6,13,48,68,B1,Diesel,D,826,Poitou-Charentes,0,0
271848,2144204,0.05,5,12,37,100,B5,Diesel,E,2740,Picardie,0,0
274033,2149294,0.47,6,7,32,50,B2,Diesel,E,3301,Midi-Pyrenees,0,0
274467,2150253,0.47,6,12,39,54,B1,Diesel,C,115,Ile-de-France,0,0
275198,2152393,0.69,9,13,50,50,B2,Regular,A,26,Centre,0,0
275742,2153643,0.07,6,10,21,100,B3,Diesel,D,1054,Centre,0,0
276450,2155510,0.3,6,11,32,90,B1,Diesel,D,1326,Provence-Alpes-Cotes-D'Azur,0,0
276670,2156263,0.00821917808219178,4,13,53,50,B2,Diesel,C,138,Rhone-Alpes,0,0
276729,2156459,0.29,4,13,22,90,B2,Regular,D,636,Nord-Pas-de-Calais,0,0
277326,2157952,0.4,5,3,44,50,B2,Diesel,E,4348,Aquitaine,0,0
277482,2158290,0.81,9,17,81,50,B2,Diesel,C,405,Centre,0,0
277561,2158460,0.7,10,4,38,50,B4,Regular,B,53,Centre,0,0
277645,2158665,0.14,6,5,59,50,B1,Diesel,C,301,Midi-Pyrenees,0,0
279053,2162953,0.3,7,0,50,51,B2,Regular,B,78,Centre,0,0
279187,2163891,0.45,9,0,61,50,B6,Regular,D,632,Centre,0,0
280733,2169570,0.14,6,2,40,50,B2,Regular,E,4348,Aquitaine,1172,1
281659,2176914,1,7,15,55,50,B2,Regular,C,101,Centre,0,0
281666,2176929,1,4,10,69,50,B2,Regular,A,32,Centre,0,0
281761,2177104,1,4,6,60,50,B4,Diesel,B,81,Centre,0,0
282063,2177669,1,7,4,48,50,B6,Regular,D,522,Pays-de-la-Loire,0,0
282358,2178199,1,6,9,77,50,B2,Diesel,A,44,Centre,0,0
283342,2179973,1,7,7,82,50,B2,Regular,C,105,Centre,0,0
284696,2182424,1,7,5,37,50,B2,Regular,C,109,Pays-de-la-Loire,0,0
285497,2183882,0.74,4,14,35,50,B3,Diesel,A,26,Centre,0,0
286922,2186447,1,5,8,37,50,B3,Regular,B,67,Centre,0,0
288293,2188879,0.08,5,4,41,50,B2,Diesel,C,222,Centre,0,0
289034,2190185,0.72,5,6,54,50,B1,Regular,D,1521,Rhone-Alpes,0,0
289050,2190216,1,5,7,28,50,B1,Regular,C,431,Bretagne,0,0
289241,2190548,0.42,4,1,55,62,B1,Regular,A,48,Centre,1278.77,1
291392,2194348,1,11,12,33,54,B5,Regular,B,91,Pays-de-la-Loire,0,0
293773,2198500,1,4,8,27,64,B2,Regular,D,831,Poitou-Charentes,0,0
294273,2199408,0.19,6,12,32,75,B1,Diesel,B,53,Rhone-Alpes,0,0
294625,2200009,0.13,6,16,45,72,B1,Regular,C,298,Centre,0,0
297158,2204735,1,7,8,36,50,B10,Diesel,A,39,Centre,0,0
297427,2205200,0.73,5,6,54,50,B1,Regular,E,4128,Pays-de-la-Loire,0,0
299033,2207974,0.16,6,6,30,64,B1,Regular,D,959,Haute-Normandie,0,0
301094,2211490,1,7,16,41,50,B2,Diesel,B,56,Basse-Normandie,1235.03,1
301571,2212421,0.41,7,8,26,50,B1,Diesel,B,67,Bretagne,0,0
301661,2212594,0.41,5,2,24,90,B2,Regular,B,77,Poitou-Charentes,0,0
305736,2217562,0.08,5,0,66,50,B5,Diesel,F,22821,Ile-de-France,0,0
306160,2217986,0.08,7,10,63,64,B1,Regular,E,2105,Rhone-Alpes,0,0
306580,2218406,0.08,9,2,63,50,B6,Regular,E,4348,Aquitaine,0,0
307773,2219599,0.08,6,7,35,62,B1,Diesel,C,269,Languedoc-Roussillon,0,0
307790,2219616,0.08,6,6,38,67,B1,Diesel,A,26,Rhone-Alpes,0,0
308786,2220613,0.41,5,1,32,50,B2,Diesel,C,255,Languedoc-Roussillon,0,0
309191,2221018,0.41,8,10,41,55,B1,Diesel,C,269,Languedoc-Roussillon,0,0
309437,2221264,0.41,5,4,54,50,B2,Diesel,D,1408,Midi-Pyrenees,0,0
310550,2222382,0.08,4,1,56,50,B2,Regular,E,4128,Pays-de-la-Loire,0,0
310949,2222781,0.08,7,6,38,59,B1,Regular,E,3465,Ile-de-France,0,0
311200,2223032,0.08,7,4,64,50,B2,Regular,D,1457,Pays-de-la-Loire,0,0
311303,2223135,0.08,6,7,53,50,B1,Diesel,D,1101,Provence-Alpes-Cotes-D'Azur,0,0
314490,2226325,0.33,7,10,45,50,B11,Diesel,E,8455,Rhone-Alpes,0,0
315011,2226846,0.33,6,0,63,50,B5,Regular,E,6736,Ile-de-France,0,0
315833,2227673,0.4,4,8,43,68,B2,Regular,D,528,Provence-Alpes-Cotes-D'Azur,0,0
316024,2227866,0.38,5,5,38,50,B2,Diesel,D,1232,Provence-Alpes-Cotes-D'Azur,0,0
316456,2228299,0.08,6,1,55,50,B1,Regular,E,3317,Provence-Alpes-Cotes-D'Azur,0,0
316520,2228363,0.08,6,1,35,50,B1,Diesel,E,4128,Pays-de-la-Loire,0,0
316546,2228389,0.08,6,6,33,54,B2,Diesel,E,4059,Haute-Normandie,0,0
316643,2228486,0.08,6,8,30,80,B3,Diesel,C,394,Centre,0,0
317761,2229604,0.08,9,8,28,72,B1,Regular,D,1403,Provence-Alpes-Cotes-D'Azur,0,0
318196,2230039,0.08,6,7,45,50,B1,Diesel,D,1326,Provence-Alpes-Cotes-D'Azur,0,0
318541,2230384,0.08,8,17,68,50,B1,Regular,C,103,Rhone-Alpes,0,0
318964,2230807,0.08,7,11,46,100,B2,Regular,E,4762,Provence-Alpes-Cotes-D'Azur,0,0
319034,2230877,0.08,9,2,44,50,B6,Diesel,C,316,Rhone-Alpes,0,0
319176,2231019,0.08,5,13,28,95,B3,Diesel,B,63,Poitou-Charentes,0,0
320347,2234834,0.08,7,1,29,60,B1,Diesel,B,82,Pays-de-la-Loire,0,0
320499,2234992,0.25,6,4,29,100,B2,Regular,B,81,Auvergne,0,0
320596,2235100,0.21,5,18,32,68,B2,Diesel,D,1326,Provence-Alpes-Cotes-D'Azur,0,0
320679,2235206,0.28,8,10,49,50,B6,Diesel,D,776,Provence-Alpes-Cotes-D'Azur,0,0
320752,2239285,0.27,7,14,44,68,B1,Regular,E,4116,Centre,0,0
321385,2246325,0.27,8,3,42,50,B2,Diesel,C,127,Aquitaine,0,0
321424,2246470,0.36,9,0,39,50,B2,Regular,D,1006,Provence-Alpes-Cotes-D'Azur,0,0
324633,2257797,0.24,7,3,57,68,B1,Diesel,C,232,Rhone-Alpes,0,0
324739,2257903,0.49,8,3,28,68,B2,Diesel,F,10008,Ile-de-France,0,0
325125,2258289,1,4,7,40,50,B2,Regular,D,581,Centre,0,0
325215,2258379,0.49,8,12,34,64,B10,Diesel,D,1326,Provence-Alpes-Cotes-D'Azur,0,0
325898,2259062,0.07,7,1,42,54,B3,Regular,E,3708,Bourgogne,0,0
326177,2259341,0.07,6,4,32,80,B1,Regular,D,1309,Aquitaine,5772.06,1
326460,2259624,0.07,6,4,55,62,B3,Diesel,C,322,Rhone-Alpes,0,0
326703,2259867,0.07,5,4,55,58,B2,Regular,C,402,Provence-Alpes-Cotes-D'Azur,0,0
327163,2260327,1,4,15,32,76,B3,Regular,C,171,Languedoc-Roussillon,0,0
327172,2260336,0.5,7,6,42,50,B6,Diesel,D,824,Languedoc-Roussillon,0,0
327632,2260796,1,5,12,25,90,B2,Diesel,D,1326,Provence-Alpes-Cotes-D'Azur,0,0
331094,2264259,0.5,9,11,49,50,B1,Regular,E,2906,Aquitaine,0,0
332461,2265626,0.08,4,1,47,50,B2,Regular,C,388,Provence-Alpes-Cotes-D'Azur,0,0
332543,2265708,0.08,5,1,35,80,B2,Diesel,E,4059,Haute-Normandie,0,0
334218,2267383,0.91,6,14,41,50,B1,Regular,D,1326,Provence-Alpes-Cotes-D'Azur,1137.07,1
335048,2268213,0.21,10,12,62,51,B1,Regular,D,1326,Provence-Alpes-Cotes-D'Azur,0,0
335071,2268236,0.4,6,0,58,50,B1,Diesel,E,4762,Provence-Alpes-Cotes-D'Azur,0,0
335686,2268851,0.08,6,2,30,76,B2,Diesel,E,5821,Ile-de-France,0,0
336355,2269520,0.08,6,1,32,76,B4,Diesel,C,108,Pays-de-la-Loire,0,0
337792,2270957,0.83,9,0,37,64,B11,Regular,C,251,Provence-Alpes-Cotes-D'Azur,0,0
337826,2270991,0.5,6,0,62,50,B2,Diesel,C,330,Provence-Alpes-Cotes-D'Azur,0,0
337848,2271013,0.83,9,3,57,50,B2,Regular,B,62,Provence-Alpes-Cotes-D'Azur,0,0
338301,2271466,0.83,7,10,36,50,B2,Regular,E,3317,Provence-Alpes-Cotes-D'Azur,0,0
338394,2271559,0.83,7,18,56,50,B1,Regular,D,720,Midi-Pyrenees,0,0
338706,2271871,0.5,5,2,45,50,B4,Regular,D,1232,Provence-Alpes-Cotes-D'Azur,0,0
338823,2271988,0.5,7,12,41,100,B2,Diesel,E,2715,Centre,0,0
339429,2272594,0.72,7,0,50,50,B2,Regular,C,152,Provence-Alpes-Cotes-D'Azur,0,0
339669,2272834,0.61,11,11,56,50,B1,Diesel,D,889,Rhone-Alpes,0,0
339700,2272865,0.34,7,0,44,50,B5,Diesel,E,2311,Ile-de-France,0,0
340882,2274047,0.08,4,14,38,64,B4,Diesel,D,1326,Provence-Alpes-Cotes-D'Azur,0,0
341681,2274846,0.08,10,4,46,50,B5,Diesel,D,1895,Nord-Pas-de-Calais,0,0
341981,2275146,0.49,5,14,54,90,B2,Regular,E,4762,Provence-Alpes-Cotes-D'Azur,0,0
343288,2276453,0.5,6,6,53,50,B1,Regular,C,330,Provence-Alpes-Cotes-D'Azur,0,0
343376,2276541,0.5,7,1,60,50,B2,Regular,B,85,Rhone-Alpes,0,0
344078,2277243,0.5,5,10,32,50,B3,Diesel,C,483,Languedoc-Roussillon,0,0
344206,2277371,0.31,11,0,47,50,B11,Diesel,C,113,Provence-Alpes-Cotes-D'Azur,0,0
344584,2277749,0.31,9,3,27,80,B1,Diesel,E,3301,Midi-Pyrenees,0,0
344921,2278087,0.08,5,21,49,50,B5,Regular,D,851,Pays-de-la-Loire,0,0
345464,2278630,0.08,7,8,85,50,B5,Regular,E,3708,Bourgogne,0,0
346057,2279223,0.08,7,2,57,59,B1,Regular,E,3859,Rhone-Alpes,0,0
346106,2279272,0.08,7,8,28,76,B5,Regular,C,217,Pays-de-la-Loire,0,0
346223,2279389,0.08,4,17,37,51,B3,Regular,C,185,Languedoc-Roussillon,0,0
346501,2279667,0.08,8,10,52,64,B10,Diesel,E,4059,Haute-Normandie,0,0
347597,2280763,0.55,4,17,33,100,B2,Regular,B,77,Rhone-Alpes,0,0
349157,2282324,0.46,7,14,61,50,B2,Diesel,E,9307,Rhone-Alpes,0,0
349695,2282862,0.08,10,7,52,50,B5,Diesel,C,495,Languedoc-Roussillon,0,0
349780,2282947,0.08,6,12,51,50,B2,Regular,E,5332,Ile-de-France,0,0
349869,2283036,0.08,14,16,45,57,B10,Diesel,D,879,Nord-Pas-de-Calais,0,0
349927,2283094,0.08,7,8,41,54,B12,Regular,C,269,Languedoc-Roussillon,0,0
351056,2284223,0.08,9,7,43,50,B2,Regular,C,269,Languedoc-Roussillon,0,0
351356,2284523,0.08,5,2,30,68,B3,Diesel,D,1699,Languedoc-Roussillon,0,0
351760,2284927,0.08,6,0,28,76,B1,Diesel,B,87,Nord-Pas-de-Calais,0,0
352394,2285561,0.75,4,1,66,50,B2,Regular,D,1228,Rhone-Alpes,0,0
353882,2287050,0.35,12,17,34,85,B10,Diesel,B,71,Midi-Pyrenees,0,0
355674,2288842,0.08,7,26,44,83,B2,Diesel,D,1871,Rhone-Alpes,0,0
356677,3000065,0.08,4,0,37,50,B12,Regular,C,204,Languedoc-Roussillon,0,0
359580,3006380,0.38,5,5,42,50,B5,Regular,D,1324,Ile-de-France,0,0
359719,3006705,0.29,11,2,33,51,B12,Diesel,A,22,Midi-Pyrenees,0,0
360895,3009227,0.9,6,3,78,50,B12,Regular,E,2620,Aquitaine,0,0
361034,3009509,0.86,6,3,36,64,B12,Diesel,C,263,Aquitaine,0,0
361446,3010434,0.23,7,0,70,68,B12,Regular,E,4128,Pays-de-la-Loire,0,0
363417,3014715,0.07,4,3,37,50,B12,Regular,F,27000,Ile-de-France,0,0
364111,3016198,0.45,8,5,51,85,B12,Regular,F,14200,Ile-de-France,0,0
364227,3016453,0.45,5,5,26,72,B4,Diesel,C,286,Rhone-Alpes,0,0
365863,3020097,0.12,11,10,23,112,B4,Regular,B,96,Ile-de-France,0,0
366751,3022180,0.75,8,6,33,60,B12,Regular,F,27000,Ile-de-France,0,0
367625,3023918,0.87,4,1,50,72,B12,Regular,E,3991,Champagne-Ardenne,0,0
368102,3024851,0.8,4,2,59,50,B12,Regular,D,1516,Aquitaine,0,0
368398,3025418,0.71,4,1,41,50,B12,Regular,B,99,Provence-Alpes-Cotes-D'Azur,0,0
368996,3026561,0.07,5,2,60,50,B2,Diesel,A,37,Provence-Alpes-Cotes-D'Azur,0,0
369314,3027168,0.01,7,1,37,50,B12,Diesel,E,4253,Aquitaine,0,0
369983,3028439,0.04,5,1,53,50,B12,Regular,E,3214,Auvergne,0,0
370314,3029029,0.54,6,1,35,85,B12,Diesel,D,1041,Nord-Pas-de-Calais,0,0
370318,3029037,0.54,8,5,26,76,B12,Diesel,C,366,Rhone-Alpes,0,0
371347,3030425,0.46,10,4,38,50,B12,Diesel,E,3233,Rhone-Alpes,0,0
371410,3030488,0.52,10,0,59,50,B12,Regular,D,826,Ile-de-France,0,0
371570,3030652,0.55,6,0,35,50,B12,Diesel,D,1729,Limousin,0,0
372021,3031108,0.5,11,0,61,50,B12,Diesel,A,44,Poitou-Charentes,0,0
372253,3031341,0.28,4,0,31,64,B12,Regular,B,56,Rhone-Alpes,0,0
372608,3031699,0.09,5,2,48,95,B1,Diesel,D,720,Ile-de-France,0,0
372736,3031827,0.00273972602739726,8,0,62,50,B12,Regular,B,67,Aquitaine,0,0
373092,3032189,0.11,4,0,53,50,B12,Diesel,A,25,Midi-Pyrenees,0,0
373630,3032727,0.23,5,10,27,100,B5,Diesel,D,1780,Nord-Pas-de-Calais,0,0
375467,3034583,0.03,7,0,44,68,B12,Regular,C,455,Languedoc-Roussillon,0,0
377541,3038223,0.7,5,10,28,64,B5,Diesel,C,198,Nord-Pas-de-Calais,0,0
378355,3039631,0.71,8,1,39,50,B12,Regular,E,5332,Ile-de-France,0,0
379097,3040908,0.03,4,1,53,50,B12,Diesel,D,1326,Provence-Alpes-Cotes-D'Azur,0,0
379427,3041412,0.04,6,1,38,50,B12,Diesel,B,79,Provence-Alpes-Cotes-D'Azur,0,0
379562,3041606,0.73,8,1,45,50,B12,Diesel,C,113,Nord-Pas-de-Calais,0,0
380357,3042692,0.87,4,1,50,68,B12,Regular,E,3862,Nord-Pas-de-Calais,0,0
380584,3042934,0.07,8,8,27,95,B12,Regular,D,1380,Ile-de-France,0,0
380668,3043019,0.92,6,2,23,80,B4,Diesel,C,117,Aquitaine,0,0
380719,3043072,0.19,8,1,37,51,B12,Diesel,C,138,Provence-Alpes-Cotes-D'Azur,0,0
380803,3043157,0.09,12,0,42,60,B12,Diesel,E,9096,Ile-de-France,0,0
381547,3043905,0.76,5,15,29,80,B2,Regular,D,1214,Nord-Pas-de-Calais,0,0
382561,3044919,0.63,8,0,75,50,B12,Regular,B,94,Ile-de-France,0,0
382645,3045003,0.66,11,5,47,50,B12,Regular,E,2563,Ile-de-France,0,0
382874,3045232,0.07,8,0,43,50,B12,Diesel,B,56,Centre,0,0
383122,3045480,0.69,6,3,47,50,B12,Regular,E,4762,Provence-Alpes-Cotes-D'Azur,0,0
383651,3046205,0.41,5,29,76,50,B1,Regular,A,22,Centre,0,0
383799,3046539,1,5,9,46,50,B1,Regular,C,149,Centre,0,0
384135,3047258,1,6,6,78,50,B2,Regular,C,229,Bretagne,0,0
387047,3053770,1,5,16,50,50,B2,Diesel,A,37,Centre,0,0
387539,3054946,1,5,9,44,50,B3,Diesel,C,444,Bretagne,0,0
388128,3056314,1,15,11,43,50,B10,Diesel,C,209,Ile-de-France,0,0
390465,3061835,1,7,3,64,50,B2,Regular,C,392,Rhone-Alpes,0,0
390633,3062254,0.92,5,4,56,50,B2,Diesel,C,283,Basse-Normandie,0,0
390795,3062654,1,5,18,54,50,B2,Regular,B,99,Bretagne,0,0
391222,3063716,0.24,8,13,26,95,B10,Diesel,D,949,Centre,0,0
391309,3063889,1,6,10,30,125,B1,Diesel,D,1314,Centre,0,0
391400,3064035,0.74,6,8,54,50,B13,Diesel,A,20,Haute-Normandie,0,0
391524,3064322,1,4,2,70,50,B2,Regular,E,3368,Centre,0,0
391958,3065419,1,7,6,31,54,B3,Regular,C,302,Lorraine,0,0
392137,3065830,1,6,8,35,64,B2,Diesel,B,79,Bourgogne,0,0
393758,3069738,1,8,14,41,51,B1,Diesel,C,405,Centre,0,0
394627,3071818,1,7,12,37,50,B2,Diesel,C,155,Centre,0,0
395597,3074107,0.09,6,3,63,50,B1,Diesel,E,2620,Aquitaine,0,0
395900,3074794,1,5,5,49,50,B1,Diesel,A,19,Aquitaine,0,0
396151,3075377,1,6,9,56,50,B2,Diesel,E,3688,Rhone-Alpes,0,0
396267,3075635,0.35,6,6,76,50,B13,Regular,E,3430,Provence-Alpes-Cotes-D'Azur,0,0
396951,3077342,1,4,3,55,50,B6,Regular,A,44,Aquitaine,0,0
398155,3080173,0.21,8,14,36,63,B3,Diesel,C,182,Nord-Pas-de-Calais,0,0
398677,3081392,0.19,5,6,58,50,B6,Diesel,E,4762,Provence-Alpes-Cotes-D'Azur,0,0
399069,3082316,1,7,12,52,50,B1,Regular,D,1601,Lorraine,0,0
399248,3082721,1,9,13,50,50,B3,Regular,C,273,Ile-de-France,0,0
400264,3085198,1,4,4,32,54,B1,Regular,C,226,Rhone-Alpes,0,0
400805,3086456,1,6,11,27,72,B1,Diesel,A,16,Centre,0,0
400808,3086466,1,5,5,39,50,B2,Diesel,C,159,Aquitaine,0,0
401827,3088825,0.2,4,16,34,50,B6,Regular,A,29,Centre,0,0
402941,3091543,0.13,5,9,48,50,B1,Regular,B,98,Bretagne,0,0
403593,3093136,0.67,8,18,38,50,B11,Regular,B,85,Poitou-Charentes,0,0
403649,3093270,0.09,6,10,37,50,B1,Diesel,C,110,Poitou-Charentes,0,0
403958,3093937,0.82,7,17,42,50,B1,Regular,D,1165,Bretagne,0,0
405743,3097711,1,5,9,34,62,B1,Regular,E,4998,Ile-de-France,1204,1
405996,3098289,0.32,12,6,46,50,B12,Diesel,E,2426,Ile-de-France,0,0
406649,3099851,1,4,16,49,50,B6,Regular,C,229,Bretagne,0,0
406827,3100263,0.02,7,0,74,50,B1,Regular,C,287,Bretagne,0,0
407343,3101541,0.2,4,3,52,50,B1,Regular,E,3744,Provence-Alpes-Cotes-D'Azur,0,0
407689,3102370,0.82,6,5,54,50,B2,Diesel,A,17,Bourgogne,0,0
407789,3102632,0.24,6,4,27,81,B3,Diesel,E,4496,Ile-de-France,0,0
408059,3103078,0.25,11,13,40,76,B2,Regular,A,29,Centre,0,0
408134,3103232,0.71,11,3,47,50,B10,Regular,C,298,Centre,0,0
408721,3104490,0.16,4,11,23,80,B2,Regular,D,1193,Centre,0,0
409027,3105169,0.83,7,18,22,80,B1,Regular,A,11,Centre,0,0
409409,3106087,1,6,3,34,57,B1,Diesel,E,2521,Nord-Pas-de-Calais,0,0
409620,3106607,0.3,6,16,34,64,B2,Diesel,D,1690,Bretagne,0,0
410071,3107593,1,9,18,47,50,B10,Regular,A,41,Haute-Normandie,0,0
410256,3108010,0.1,7,10,51,50,B3,Regular,D,886,Poitou-Charentes,0,0
411051,3109714,0.41,6,10,36,54,B1,Regular,B,85,Bretagne,0,0
411164,3109913,1,9,5,56,50,B10,Regular,A,15,Provence-Alpes-Cotes-D'Azur,160.4,1
411368,3110354,1,7,17,43,62,B1,Regular,E,2044,Centre,0,0
411411,3110463,1,6,10,34,54,B2,Diesel,A,27,Centre,0,0
411961,3111817,0.8,4,12,39,50,B3,Diesel,D,1271,Languedoc-Roussillon,0,0
414719,3117949,0.24,6,9,35,51,B3,Regular,C,186,Centre,0,0
414852,3118200,0.31,7,5,20,100,B5,Regular,B,67,Basse-Normandie,0,0
415348,3119246,1,7,2,80,50,B1,Regular,A,43,Centre,0,0
415753,3120063,0.94,8,16,34,64,B5,Regular,A,49,Pays-de-la-Loire,0,0
415860,3120316,0.44,7,7,50,50,B4,Diesel,A,43,Centre,0,0
416267,3121211,0.24,5,0,37,50,B2,Diesel,D,741,Centre,0,0
417237,3123492,1,5,7,37,50,B3,Diesel,E,3744,Provence-Alpes-Cotes-D'Azur,0,0
417868,3124798,1,6,7,65,50,B2,Diesel,D,581,Rhone-Alpes,0,0
418718,3126513,0.36,10,16,59,54,B2,Diesel,E,9307,Rhone-Alpes,0,0
418917,3126834,1,7,6,48,62,B1,Diesel,A,26,Centre,0,0
419929,3128875,1,6,12,61,50,B1,Diesel,C,155,Centre,0,0
421014,3131201,0.92,7,10,22,95,B1,Regular,E,9307,Rhone-Alpes,0,0
421111,3131370,0.25,4,1,59,50,B2,Regular,D,542,Rhone-Alpes,0,0
421864,3132898,1,5,11,41,50,B5,Diesel,C,388,Provence-Alpes-Cotes-D'Azur,0,0
421921,3133029,0.13,7,10,38,50,B11,Diesel,C,222,Centre,0,0
422797,3134501,1,6,13,37,50,B1,Diesel,C,210,Bretagne,0,0
422888,3134640,1,9,12,64,50,B12,Regular,B,77,Provence-Alpes-Cotes-D'Azur,0,0
423938,3136792,0.5,7,7,46,60,B5,Regular,E,5053,Ile-de-France,0,0
424524,3137936,0.2,8,18,31,64,B11,Regular,D,878,Rhone-Alpes,0,0
424639,3138136,0.78,6,8,38,50,B2,Diesel,E,2415,Rhone-Alpes,0,0
424748,3138352,0.91,7,7,50,50,B11,Diesel,D,1313,Centre,0,0
427072,3142547,1,5,10,39,64,B2,Diesel,C,159,Aquitaine,0,0
427093,3142595,0.39,5,11,32,57,B5,Diesel,A,40,Nord-Pas-de-Calais,0,0
428870,3145548,1,5,13,54,50,B2,Diesel,A,30,Centre,0,0
429118,3145986,0.03,4,0,53,50,B1,Diesel,C,176,Centre,0,0
429394,3146508,0.62,12,6,65,50,B10,Diesel,E,4762,Provence-Alpes-Cotes-D'Azur,0,0
429777,3147259,0.21,5,12,41,90,B2,Regular,E,3368,Centre,0,0
429931,3147555,0.39,6,10,30,51,B1,Diesel,D,856,Centre,0,0
430726,3148919,0.81,5,14,34,80,B5,Diesel,A,31,Centre,0,0
430855,3149202,0.16,5,13,24,100,B1,Regular,C,149,Pays-de-la-Loire,0,0
431745,3150737,0.14,5,13,36,64,B2,Diesel,A,17,Centre,0,0
431999,3151178,0.51,6,8,66,50,B2,Diesel,C,269,Ile-de-France,0,0
432058,3151237,0.25,8,7,70,50,B2,Diesel,C,303,Ile-de-France,0,0
432765,3152260,1,4,8,49,50,B2,Regular,A,30,Centre,0,0
433092,3152884,0.95,13,1,41,50,B11,Diesel,C,446,Rhone-Alpes,0,0
433514,3153580,0.09,11,13,28,100,B2,Regular,C,137,Centre,0,0
434184,3154723,0.45,8,11,41,60,B3,Regular,C,277,Aquitaine,0,0
434796,3155672,0.78,5,2,48,62,B2,Diesel,C,135,Provence-Alpes-Cotes-D'Azur,0,0
435245,3156286,0.16,7,15,22,100,B1,Regular,D,1482,Rhone-Alpes,0,0
435865,3157261,0.00821917808219178,4,13,28,95,B1,Diesel,D,741,Centre,0,0
436085,3157596,0.38,6,13,37,50,B1,Diesel,C,354,Pays-de-la-Loire,0,0
436449,3158292,0.81,9,18,82,50,B2,Diesel,C,405,Centre,0,0
437423,3159904,0.88,6,0,46,50,B2,Diesel,A,27,Bretagne,0,0
437456,3159937,0.08,10,16,40,50,B2,Diesel,A,8,Champagne-Ardenne,0,0
438432,3161301,0.57,7,13,20,95,B5,Regular,C,399,Centre,0,0
438610,3161496,0.00547945205479452,6,8,53,50,B2,Diesel,A,40,Midi-Pyrenees,0,0
439233,3162434,0.03,4,17,28,60,B1,Regular,A,48,Basse-Normandie,0,0
439253,3162469,0.49,7,5,33,63,B1,Diesel,B,83,Basse-Normandie,0,0
440293,3163830,0.47,5,8,48,51,B4,Diesel,E,5449,Rhone-Alpes,0,0
441034,3165000,0.28,7,8,39,90,B2,Diesel,E,3368,Centre,0,0
441113,3165079,0.15,5,0,38,100,B12,Regular,E,3368,Centre,0,0
441139,3165105,0.00821917808219178,10,3,34,50,B12,Regular,D,738,Rhone-Alpes,0,0
441748,3165886,0.12,7,8,29,90,B11,Diesel,D,1054,Centre,0,0
441830,3166020,0.48,4,15,23,100,B1,Diesel,C,308,Centre,0,0
443008,3167672,0.8,6,13,48,50,B1,Regular,C,159,Provence-Alpes-Cotes-D'Azur,1204,1
443994,3168937,0.32,5,14,37,60,B4,Diesel,C,109,Pays-de-la-Loire,0,0
444603,3169827,0.69,4,18,27,76,B1,Regular,E,2257,Aquitaine,0,0
444706,3169947,0.82,6,10,70,60,B1,Diesel,C,101,Aquitaine,0,0
445026,3170270,0.12,10,16,31,80,B12,Diesel,E,8455,Rhone-Alpes,0,0
445587,3170831,0.25,7,17,29,100,B2,Regular,D,1448,Provence-Alpes-Cotes-D'Azur,0,0
446639,3171917,0.9,7,9,45,50,B1,Regular,C,392,Provence-Alpes-Cotes-D'Azur,0,0
446778,3172056,0.12,8,1,64,50,B13,Diesel,B,99,Centre,0,0
446963,3172241,0.65,6,3,36,50,B1,Diesel,C,120,Rhone-Alpes,1204,1
447843,3173139,0.05,6,2,27,57,B1,Diesel,C,145,Rhone-Alpes,0,0
448127,3173423,0.01,12,9,33,57,B12,Diesel,C,237,Rhone-Alpes,0,0
449171,3174467,0.15,7,14,48,95,B5,Regular,D,891,Rhone-Alpes,0,0
449966,3175262,0.07,5,9,32,90,B4,Diesel,E,3430,Rhone-Alpes,0,0
450524,3176109,1,5,13,60,50,B4,Regular,C,128,Centre,0,0
450760,3176620,1,5,5,73,50,B1,Regular,D,745,Rhone-Alpes,0,0
451389,3177991,1,7,10,81,50,B1,Regular,A,17,Centre,0,0
452377,3180204,1,5,7,52,64,B4,Diesel,C,308,Centre,0,0
453209,3182085,1,4,17,61,50,B5,Regular,A,39,Bretagne,0,0
453508,3182726,1,6,2,74,50,B1,Diesel,B,78,Centre,0,0
453825,3183438,0.12,10,11,49,50,B1,Diesel,C,101,Centre,0,0
453848,3183486,0.66,4,7,41,50,B2,Regular,E,4116,Centre,0,0
455304,3186759,1,10,6,38,50,B1,Diesel,A,30,Centre,0,0
455659,3187580,0.41,10,13,65,50,B2,Regular,D,1974,Poitou-Charentes,0,0
455930,3188204,1,6,16,42,50,B2,Diesel,A,43,Centre,0,0
456251,3188938,1,4,12,54,50,B14,Regular,E,4762,Provence-Alpes-Cotes-D'Azur,0,0
457231,3191216,1,5,3,34,57,B2,Regular,C,431,Bretagne,0,0
457504,3191843,1,5,5,55,50,B2,Regular,D,1313,Centre,0,0
460344,3198451,0.45,6,10,78,72,B1,Regular,A,13,Centre,0,0
460554,3198929,0.03,7,11,45,50,B1,Diesel,D,1937,Haute-Normandie,0,0
461077,3200129,1,4,13,83,50,B1,Regular,C,405,Centre,0,0
461137,3200261,1,6,15,56,76,B2,Regular,D,657,Poitou-Charentes,0,0
461535,3201180,0.23,9,3,41,64,B10,Regular,D,1217,Rhone-Alpes,0,0
461895,3202024,0.55,8,12,49,57,B1,Diesel,E,3021,Bretagne,0,0
462687,3203470,1,7,5,35,54,B1,Regular,E,3688,Rhone-Alpes,0,0
462809,3203754,1,4,15,55,50,B1,Regular,E,4116,Centre,0,0
463630,3205713,0.85,4,10,37,50,B6,Regular,D,1273,Bourgogne,0,0
463865,3206253,0.24,4,7,52,50,B2,Regular,C,214,Centre,0,0
465485,3210245,0.75,6,16,53,67,B1,Diesel,B,62,Nord-Pas-de-Calais,0,0
465608,3210563,1,5,9,50,50,B1,Regular,E,4128,Pays-de-la-Loire,0,0
466126,3211706,1,4,10,47,50,B2,Diesel,C,129,Lorraine,0,0
467027,3213316,0.84,5,11,62,50,B2,Diesel,B,58,Centre,0,0
467147,3213444,1,5,17,46,50,B2,Diesel,E,3301,Midi-Pyrenees,0,0
468328,3232699,0.24,5,10,43,53,B3,Regular,D,1448,Provence-Alpes-Cotes-D'Azur,0,0
469407,3233778,0.24,4,13,37,76,B2,Regular,D,1451,Nord-Pas-de-Calais,0,0
469792,3234163,0.24,4,13,53,95,B1,Regular,B,76,Languedoc-Roussillon,0,0
469970,3234341,0.24,13,31,56,50,B13,Regular,D,1408,Midi-Pyrenees,0,0
470835,3235918,0.08,7,17,36,68,B2,Regular,E,3744,Provence-Alpes-Cotes-D'Azur,0,0
471291,3236374,0.08,8,6,38,50,B2,Diesel,E,5376,Ile-de-France,0,0
471811,3236894,0.08,4,17,39,50,B1,Regular,D,776,Provence-Alpes-Cotes-D'Azur,0,0
472296,3237379,0.08,9,16,37,50,B1,Regular,C,175,Rhone-Alpes,0,0
472828,3237911,0.08,8,12,28,73,B2,Regular,E,4649,Nord-Pas-de-Calais,0,0
474349,3239508,0.24,6,11,33,59,B2,Regular,A,33,Poitou-Charentes,0,0
475927,3241417,0.24,6,6,62,72,B1,Diesel,E,3317,Provence-Alpes-Cotes-D'Azur,0,0
476276,3241938,0.07,6,3,34,51,B5,Regular,B,57,Provence-Alpes-Cotes-D'Azur,0,0
476513,3242175,0.07,7,3,38,50,B1,Regular,C,335,Haute-Normandie,0,0
477072,3242734,0.07,7,4,40,76,B1,Regular,F,12650,Ile-de-France,0,0
479544,3245206,0.07,4,20,60,50,B2,Regular,C,213,Midi-Pyrenees,0,0
480692,3246487,0.23,4,16,50,50,B3,Regular,C,108,Haute-Normandie,0,0
480729,3246531,0.22,8,0,52,50,B2,Diesel,E,9307,Rhone-Alpes,0,0
480891,3246701,0.08,6,14,61,68,B6,Regular,E,3317,Provence-Alpes-Cotes-D'Azur,0,0
482747,3248686,0.08,6,3,32,57,B2,Regular,E,2983,Nord-Pas-de-Calais,0,0
482791,3248730,0.08,6,1,53,51,B13,Diesel,E,8455,Rhone-Alpes,0,0
483434,3249373,0.08,7,5,39,50,B12,Regular,C,269,Languedoc-Roussillon,0,0
483852,3249791,0.08,6,6,37,53,B1,Diesel,C,381,Provence-Alpes-Cotes-D'Azur,0,0
484057,3249996,0.08,4,11,52,50,B5,Regular,C,269,Languedoc-Roussillon,0,0
487448,3253461,0.05,7,22,43,64,B2,Regular,D,545,Nord-Pas-de-Calais,0,0
488225,3254321,0.04,4,21,28,68,B2,Regular,D,1326,Provence-Alpes-Cotes-D'Azur,0,0
490053,4003111,0.63,5,4,34,50,B1,Diesel,E,5831,Ile-de-France,0,0
491004,4005453,0.46,5,4,47,50,B12,Regular,D,648,Champagne-Ardenne,0,0
491182,4005890,0.25,4,5,61,50,B12,Regular,C,243,Ile-de-France,0,0
492392,4008690,0.04,7,1,37,57,B12,Diesel,C,263,Aquitaine,0,0
492953,4009993,0.12,4,4,39,50,B12,Regular,D,1241,Bourgogne,0,0
494789,4014415,0.21,5,3,28,85,B1,Diesel,D,1572,Nord-Pas-de-Calais,0,0
494904,4014687,0.45,6,6,53,50,B2,Regular,D,1541,Languedoc-Roussillon,0,0
495513,4016181,0.46,7,3,52,50,B12,Diesel,C,169,Aquitaine,0,0
498320,4022715,0.79,4,2,63,50,B12,Regular,D,1780,Nord-Pas-de-Calais,0,0
499996,4026755,0.45,5,3,59,50,B12,Regular,F,27000,Ile-de-France,0,0
500329,4027548,0.1,9,4,55,50,B12,Regular,F,27000,Ile-de-France,0,0
500909,4028966,0.37,8,3,58,52,B5,Regular,C,110,Provence-Alpes-Cotes-D'Azur,0,0
501729,4030928,0.45,11,1,39,50,B12,Diesel,D,853,Lorraine,0,0
502155,4031943,0.51,4,1,45,95,B12,Regular,A,25,Centre,0,0
503615,4035473,0.38,6,1,64,50,B12,Diesel,B,79,Midi-Pyrenees,0,0
505666,4040090,0.81,7,1,45,50,B12,Regular,F,27000,Ile-de-France,0,0
505901,4040600,0.15,5,3,47,72,B12,Diesel,A,4,Corse,0,0
507241,4043264,0.04,8,0,47,50,B12,Diesel,D,747,Bretagne,0,0
507311,4043393,0.03,9,2,66,50,B12,Diesel,B,59,Provence-Alpes-Cotes-D'Azur,0,0
507374,4043512,0.14,11,1,32,53,B12,Diesel,C,206,Provence-Alpes-Cotes-D'Azur,0,0
507995,4044864,0.89,7,0,54,50,B12,Diesel,E,9096,Ile-de-France,0,0
508058,4045044,0.15,6,2,22,118,B4,Regular,E,3708,Bourgogne,0,0
508134,4045248,0.87,8,0,53,50,B12,Diesel,D,666,Provence-Alpes-Cotes-D'Azur,0,0
508991,4047689,0.1,11,0,36,53,B12,Diesel,B,58,Lorraine,0,0
509395,4048836,0.75,5,3,33,57,B12,Regular,E,2740,Picardie,0,0
510184,4051226,0.04,4,0,67,100,B12,Diesel,A,27,Provence-Alpes-Cotes-D'Azur,0,0
510691,4052765,0.69,4,10,48,100,B4,Regular,A,20,Champagne-Ardenne,0,0
511140,4054105,0.07,4,0,51,76,B12,Regular,C,301,Midi-Pyrenees,0,0
511292,4054595,0.54,7,0,24,76,B12,Regular,B,72,Rhone-Alpes,0,0
511958,4056653,0.03,4,0,38,56,B12,Diesel,B,85,Rhone-Alpes,0,0
512477,4058268,0.12,4,3,51,50,B12,Regular,E,3386,Ile-de-France,0,0
512875,4059572,0.18,4,0,53,56,B12,Diesel,D,1231,Ile-de-France,0,0
512918,4059713,0.08,7,0,55,85,B12,Diesel,E,2767,Pays-de-la-Loire,0,0
513237,4060669,0.3,4,0,48,50,B12,Diesel,C,245,Provence-Alpes-Cotes-D'Azur,0,0
513418,4061218,0.11,4,0,47,64,B12,Diesel,F,16052,Ile-de-France,0,0
514356,4064119,0.17,5,0,46,50,B12,Regular,C,104,Aquitaine,0,0
516254,4070807,0.46,4,1,31,68,B1,Regular,E,5360,Ile-de-France,0,0
516282,4070875,0.53,5,3,31,60,B12,Regular,A,11,Provence-Alpes-Cotes-D'Azur,0,0
517814,4074330,0.21,4,2,36,60,B12,Diesel,D,1287,Aquitaine,0,0
518420,4075653,0.87,5,2,66,50,B12,Diesel,B,66,Midi-Pyrenees,0,0
519612,4078302,0.11,7,1,51,50,B12,Diesel,A,27,Rhone-Alpes,0,0
519887,4078976,0.03,6,10,33,57,B12,Diesel,D,1629,Provence-Alpes-Cotes-D'Azur,0,0
520592,4080611,0.12,7,2,50,50,B12,Regular,D,1729,Limousin,0,0
520798,4081111,0.01,4,1,26,68,B12,Diesel,E,2580,Aquitaine,0,0
520955,4081483,0.12,7,1,25,76,B12,Diesel,C,381,Limousin,0,0
523379,4114579,1,5,6,54,50,B2,Regular,D,566,Provence-Alpes-Cotes-D'Azur,0,0
523429,4114629,1,5,25,61,50,B1,Regular,A,10,Centre,0,0
524003,4115203,0.27,4,10,56,50,B2,Regular,D,511,Centre,0,0
524005,4115205,0.25,8,3,46,66,B3,Regular,A,28,Centre,0,0
525516,4116716,0.09,5,8,48,50,B1,Regular,B,56,Centre,0,0
525780,4116980,1,14,14,32,88,B12,Diesel,A,23,Limousin,0,0
528228,4119428,0.41,4,8,39,50,B2,Diesel,C,149,Centre,0,0
528367,4119567,0.37,6,20,56,76,B1,Regular,D,1064,Centre,0,0
528609,4119809,1,11,9,57,50,B10,Regular,C,298,Rhone-Alpes,838.77,1
528769,4119969,1,7,6,49,50,B2,Diesel,B,94,Bretagne,0,0
529192,4120392,0.28,6,11,38,50,B3,Regular,A,19,Pays-de-la-Loire,0,0
529798,4120998,1,5,5,49,55,B3,Diesel,A,25,Centre,0,0
529852,4121052,1,5,4,32,59,B2,Diesel,E,2399,Centre,0,0
530098,4121298,0.62,6,13,35,63,B2,Regular,D,1541,Languedoc-Roussillon,0,0
530422,4121622,1,6,16,59,50,B1,Diesel,D,1329,Ile-de-France,0,0
532520,4123720,1,10,11,53,50,B5,Diesel,E,2906,Aquitaine,0,0
535445,4126647,1,7,31,31,51,B1,Regular,E,3301,Midi-Pyrenees,0,0
537368,4128570,1,11,19,43,50,B1,Diesel,A,22,Nord-Pas-de-Calais,0,0
537572,4128774,1,7,8,54,50,B1,Regular,D,634,Bretagne,0,0
537965,4129167,1,5,7,52,50,B1,Diesel,B,57,Centre,0,0
538435,4129637,0.27,4,16,23,95,B2,Diesel,D,745,Rhone-Alpes,0,0
538725,4129927,1,7,16,51,50,B5,Regular,C,203,Centre,0,0
538990,4130192,0.36,5,15,56,50,B2,Diesel,B,85,Rhone-Alpes,0,0
539510,4130712,0.24,5,8,37,50,B1,Diesel,D,575,Nord-Pas-de-Calais,0,0
540795,4131997,0.74,5,5,36,55,B2,Diesel,C,442,Rhone-Alpes,0,0
541445,4132647,1,10,12,51,50,B4,Regular,C,320,Rhone-Alpes,0,0
542072,4133274,0.27,7,10,52,50,B2,Regular,C,212,Lorraine,0,0
542702,4133904,1,5,7,51,50,B3,Diesel,B,57,Haute-Normandie,0,0
542966,4134168,0.21,4,10,43,50,B2,Regular,A,30,Centre,0,0
543119,4134321,1,12,12,65,50,B3,Regular,C,263,Provence-Alpes-Cotes-D'Azur,0,0
543765,4134967,0.21,8,17,34,71,B2,Regular,D,662,Ile-de-France,0,0
543859,4135061,0.25,5,6,34,51,B3,Diesel,A,27,Auvergne,0,0
543948,4135150,1,4,8,41,50,B6,Regular,C,206,Bretagne,0,0
544282,4135484,0.00273224043715847,14,16,41,60,B11,Regular,C,152,Rhone-Alpes,0,0
545157,4136359,0.55,6,0,68,100,B5,Diesel,D,1228,Rhone-Alpes,0,0
546247,4137450,1,9,2,50,50,B6,Diesel,A,45,Basse-Normandie,0,0
546508,4137711,0.77,8,4,49,50,B10,Diesel,C,356,Bretagne,0,0
547029,4138232,0.25,8,3,70,50,B2,Diesel,B,91,Centre,0,0
547031,4138234,1,5,4,85,50,B1,Diesel,B,91,Centre,0,0
547087,4138290,1,7,4,32,50,B1,Regular,A,26,Auvergne,0,0
549091,4140294,0.65,8,23,53,50,B1,Diesel,B,64,Centre,0,0
549123,4140326,1,7,13,28,57,B1,Regular,B,81,Centre,0,0
550272,4141475,1,4,3,66,50,B2,Regular,D,1287,Aquitaine,0,0
553357,4144560,0.03,9,10,19,100,B4,Regular,E,3021,Bretagne,0,0
554841,4146044,0.22,6,14,24,95,B1,Diesel,C,223,Aquitaine,0,0
556016,4147219,1,6,8,49,50,B3,Regular,C,235,Poitou-Charentes,0,0
556139,4147342,0.23,4,17,25,95,B6,Regular,C,233,Poitou-Charentes,0,0
556576,4147779,1,4,12,75,50,B1,Regular,A,30,Centre,0,0
557030,4148233,1,6,5,28,57,B4,Regular,D,949,Centre,0,0
557510,4148713,1,7,1,46,50,B2,Regular,C,141,Rhone-Alpes,0,0
557628,4148831,0.22,12,3,47,50,B3,Regular,E,3184,Ile-de-France,0,0
557872,4149075,0.2,5,5,41,50,B2,Regular,E,3688,Rhone-Alpes,0,0
558323,4149526,1,5,9,52,50,B4,Diesel,D,1313,Centre,0,0
558923,4150126,0.33,4,15,43,50,B6,Regular,A,27,Centre,0,0
559047,4150250,0.85,7,3,37,54,B1,Regular,C,125,Bretagne,0,0
559856,4151059,1,10,2,44,50,B3,Diesel,C,355,Bretagne,0,0
560701,4151904,0.21,9,4,29,125,B6,Diesel,D,1326,Provence-Alpes-Cotes-D'Azur,0,0
561191,4152394,1,7,1,53,50,B11,Regular,D,842,Nord-Pas-de-Calais,0,0
563581,4154784,1,7,6,63,50,B1,Diesel,C,298,Centre,0,0
564842,4156045,0.93,5,4,69,50,B5,Regular,C,242,Rhone-Alpes,0,0
565763,4156966,0.65,6,9,70,50,B1,Regular,E,5449,Rhone-Alpes,0,0
565912,4157115,1,5,5,41,66,B2,Regular,C,365,Languedoc-Roussillon,0,0
567091,4158294,0.07,6,12,54,75,B2,Diesel,A,19,Ile-de-France,0,0
567627,4158830,1,5,2,44,50,B2,Diesel,C,383,Provence-Alpes-Cotes-D'Azur,0,0
568403,4159606,1,5,15,22,118,B5,Diesel,B,50,Centre,0,0
568432,4159635,0.05,7,1,37,50,B1,Diesel,B,99,Languedoc-Roussillon,0,0
569645,4160848,0.11,5,6,27,85,B2,Regular,A,18,Centre,0,0
569704,4160907,0.39,7,5,76,50,B2,Diesel,A,27,Centre,0,0
570557,4161760,0.05,12,3,37,50,B11,Diesel,A,46,Poitou-Charentes,0,0
571439,4162642,0.71,4,12,30,54,B2,Regular,C,216,Rhone-Alpes,0,0
571719,4162922,1,5,1,27,60,B2,Diesel,E,3430,Rhone-Alpes,0,0
574688,4165891,0.76,6,11,51,52,B2,Diesel,D,1403,Provence-Alpes-Cotes-D'Azur,0,0
574741,4165944,0.11,6,1,29,76,B3,Diesel,C,388,Provence-Alpes-Cotes-D'Azur,0,0
576654,4167857,0.22,4,18,58,50,B2,Diesel,A,9,Aquitaine,0,0
577318,4168521,1,5,4,46,50,B5,Diesel,C,342,Bretagne,0,0
577719,4168922,0.93,4,9,44,50,B1,Regular,A,14,Centre,0,0
578576,4169779,0.48,12,8,57,50,B1,Regular,C,102,Centre,0,0
579044,4170247,0.74,5,4,49,68,B2,Diesel,D,731,Rhone-Alpes,0,0
580128,4171331,1,5,18,77,50,B1,Regular,C,393,Centre,0,0
580335,4171538,1,6,11,51,50,B2,Diesel,D,747,Bretagne,0,0
580338,4171541,1,9,14,52,50,B10,Diesel,D,747,Bretagne,0,0
580425,4171628,1,4,18,51,54,B1,Regular,A,31,Centre,0,0
580488,4171691,1,7,9,61,50,B2,Diesel,A,19,Centre,0,0
580782,4171985,0.56,7,5,38,50,B13,Diesel,D,1602,Bretagne,0,0
581216,4172419,1,6,8,43,70,B5,Regular,C,307,Centre,0,0
581737,4172940,1,7,16,39,50,B1,Regular,B,53,Centre,0,0
581906,4173109,1,7,14,77,51,B1,Regular,C,252,Rhone-Alpes,0,0
582391,4173594,0.00273224043715847,7,15,55,50,B2,Regular,E,4128,Pays-de-la-Loire,0,0
582614,4173817,1,5,7,57,50,B4,Regular,C,399,Centre,1204,1
583709,4174912,0.3,10,12,49,76,B5,Diesel,C,139,Centre,0,0
584429,4175632,1,6,9,72,50,B1,Diesel,C,405,Centre,0,0
584625,4175828,0.64,8,11,42,50,B1,Diesel,D,983,Pays-de-la-Loire,0,0
585657,4176860,0.32,9,19,36,50,B1,Regular,C,358,Centre,0,0
587322,4178525,1,7,6,51,50,B11,Diesel,D,1127,Centre,0,0
587647,4178850,1,5,17,66,50,B1,Regular,C,347,Bretagne,0,0
587961,4179164,1,4,13,37,51,B2,Regular,B,84,Centre,0,0
588094,4179297,1,9,11,52,51,B12,Diesel,D,1871,Rhone-Alpes,0,0
588178,4179381,1,10,20,71,50,B1,Regular,A,11,Centre,0,0
588815,4180018,0.71,4,15,27,50,B5,Regular,A,19,Centre,136.24,1
589885,4181088,0.12,5,20,42,50,B2,Regular,D,883,Provence-Alpes-Cotes-D'Azur,0,0
590481,4181684,0.17,7,11,45,50,B2,Regular,C,239,Centre,0,0
590744,4181947,0.56,9,16,30,100,B1,Regular,D,1045,Midi-Pyrenees,0,0
591326,4182529,0.45,7,15,31,95,B2,Diesel,B,51,Centre,0,0
591736,4182939,0.3,4,46,33,50,B1,Regular,C,142,Aquitaine,0,0
591749,4182952,0.03,4,0,48,50,B2,Diesel,E,4348,Aquitaine,0,0
591969,4183172,0.66,4,17,67,50,B1,Regular,A,29,Bretagne,0,0
593136,4184339,0.5,8,0,54,50,B11,Diesel,D,1296,Centre,0,0
594285,4185488,1,8,9,70,58,B2,Regular,B,91,Centre,0,0
594316,4185519,0.36,7,12,73,50,B2,Regular,C,203,Centre,0,0
594474,4185677,0.12,7,7,27,60,B1,Regular,C,473,Bretagne,0,0
595015,4186218,0.3,5,20,43,50,B2,Regular,A,46,Bretagne,0,0
595044,4186247,1,4,8,43,100,B13,Regular,F,23396,Ile-de-France,0,0
595227,4186430,0.32,9,27,45,50,B10,Diesel,D,1385,Bretagne,0,0
595648,4186852,1,4,6,61,72,B4,Diesel,A,41,Rhone-Alpes,0,0
596898,4188102,1,5,12,63,50,B2,Regular,A,48,Centre,0,0
597115,4188319,1,5,4,49,50,B2,Regular,D,657,Poitou-Charentes,0,0
597494,4188698,1,4,3,36,50,B3,Diesel,A,45,Auvergne,0,0
601449,5010226,0.87,10,4,69,50,B12,Diesel,B,86,Aquitaine,0,0
602658,5013912,0.36,6,4,75,50,B12,Regular,E,2498,Aquitaine,0,0
602963,5014805,0.45,4,4,69,50,B12,Regular,C,446,Rhone-Alpes,0,0
603081,5015176,0.04,9,9,44,50,B12,Regular,D,557,Auvergne,0,0
605210,5021275,0.87,7,7,44,68,B1,Regular,E,9215,Ile-de-France,2142.92,1
606616,5025497,0.63,6,3,43,50,B12,Diesel,B,84,Limousin,0,0
607665,5028563,0.06,5,0,48,50,B12,Diesel,E,3490,Nord-Pas-de-Calais,0,0
607710,5028689,0.63,10,2,51,50,B12,Regular,C,342,Provence-Alpes-Cotes-D'Azur,0,0
608245,5030290,0.42,6,2,75,50,B12,Regular,E,3834,Ile-de-France,0,0
608369,5030663,0.55,7,2,44,72,B12,Diesel,D,1421,Ile-de-France,0,0
608719,5031753,0.52,5,2,44,50,B12,Regular,E,3374,Alsace,0,0
609260,5033358,0.21,9,0,73,50,B12,Regular,A,41,Corse,0,0
609376,5033700,0.45,4,2,52,50,B12,Diesel,A,15,Bourgogne,0,0
609645,5034494,0.42,11,2,37,50,B12,Diesel,E,2212,Rhone-Alpes,0,0
610877,5038136,0.74,7,9,55,50,B3,Regular,C,400,Ile-de-France,0,0
611099,5038775,0.2,10,0,50,50,B12,Regular,E,3465,Ile-de-France,0,0
611175,5038974,0.77,10,5,60,50,B12,Diesel,F,27000,Ile-de-France,1204,1
612981,5044254,0.00273972602739726,4,1,37,51,B12,Diesel,E,4535,Auvergne,0,0
614252,5047734,0.12,6,9,23,90,B12,Diesel,B,71,Provence-Alpes-Cotes-D'Azur,0,0
616633,5054041,0.35,5,4,67,50,B12,Regular,C,481,Ile-de-France,0,0
617283,5055695,0.4,7,4,62,50,B1,Regular,E,3457,Rhone-Alpes,0,0
618052,5057706,0.49,10,1,57,50,B12,Regular,F,27000,Ile-de-France,0,0
618358,5058498,0.47,6,6,23,95,B1,Regular,D,824,Languedoc-Roussillon,0,0
621767,5066663,0.1,5,1,73,50,B12,Diesel,B,53,Aquitaine,0,0
622736,5068512,0.00273972602739726,4,1,35,95,B12,Regular,D,1457,Pays-de-la-Loire,0,0
623123,5069203,0.08,7,1,34,51,B12,Diesel,C,284,Auvergne,0,0
623224,5069388,0.53,5,6,54,50,B12,Regular,E,8455,Rhone-Alpes,0,0
623414,5069775,0.22,7,9,39,80,B10,Diesel,E,4656,Ile-de-France,0,0
623651,5070436,0.46,4,10,40,55,B5,Regular,B,58,Poitou-Charentes,0,0
623863,5071053,0.53,7,3,44,50,B12,Diesel,D,542,Ile-de-France,0,0
624969,5074358,0.12,10,5,53,50,B12,Regular,F,27000,Ile-de-France,0,0
625695,5076276,0.1,9,1,39,50,B12,Diesel,D,677,Nord-Pas-de-Calais,0,0
627462,5081325,0.13,4,5,69,50,B1,Regular,A,35,Aquitaine,0,0
627780,5082264,0.8,6,8,42,64,B12,Diesel,A,42,Bourgogne,0,0
628953,5085748,0.28,12,2,46,90,B12,Diesel,E,3301,Midi-Pyrenees,0,0
630951,5090073,0.27,6,0,56,50,B12,Regular,E,2733,Provence-Alpes-Cotes-D'Azur,0,0
631646,5091515,0.68,8,0,40,57,B12,Regular,E,7187,Ile-de-France,0,0
634611,5097599,0.05,9,0,39,71,B12,Regular,E,6944,Ile-de-France,0,0
636074,5100713,0.13,7,0,42,50,B12,Diesel,E,8023,Ile-de-France,0,0
636512,5101657,0.04,7,0,58,50,B12,Diesel,E,4218,Ile-de-France,0,0
637703,5104239,0.04,5,0,57,50,B12,Diesel,E,2859,Ile-de-France,0,0
637838,5104530,0.23,8,0,45,50,B12,Diesel,E,3055,Ile-de-France,0,0
638327,5105475,0.09,10,0,65,55,B12,Regular,C,454,Ile-de-France,0,0
639488,5107526,0.07,4,0,46,50,B12,Regular,E,3434,Ile-de-France,0,0
641106,6002131,0.28,12,1,65,50,B12,Diesel,A,14,Bourgogne,0,0
641121,6002184,0.28,6,8,31,76,B12,Regular,D,1005,Midi-Pyrenees,0,0
641608,6004053,0.17,7,9,50,50,B10,Diesel,D,776,Provence-Alpes-Cotes-D'Azur,0,0
642118,6005924,0.12,4,6,76,50,B12,Regular,F,17140,Ile-de-France,0,0
642489,6007477,0.45,4,3,32,76,B12,Diesel,E,4128,Pays-de-la-Loire,0,0
643944,6013624,0.38,10,5,60,50,B12,Regular,C,434,Languedoc-Roussillon,0,0
644415,6015526,0.08,5,5,34,69,B12,Regular,D,725,Midi-Pyrenees,0,0
645022,6018175,0.74,4,5,55,50,B12,Regular,D,1326,Provence-Alpes-Cotes-D'Azur,0,0
645165,6019047,0.74,6,10,26,95,B2,Regular,B,99,Midi-Pyrenees,0,0
645522,6020709,0.03,6,4,50,50,B12,Diesel,C,391,Bretagne,0,0
646123,6023106,0.54,4,4,51,51,B12,Diesel,E,3301,Midi-Pyrenees,0,0
646180,6023331,0.54,5,3,78,50,B12,Regular,B,53,Provence-Alpes-Cotes-D'Azur,0,0
646942,6026355,0.13,5,4,32,51,B12,Regular,C,243,Lorraine,0,0
647187,6027298,0.45,8,4,39,80,B12,Diesel,E,3132,Ile-de-France,0,0
648524,6032654,0.5,8,2,31,95,B12,Diesel,B,82,Pays-de-la-Loire,0,0
648528,6032675,0.23,6,3,30,85,B4,Diesel,D,1780,Nord-Pas-de-Calais,0,0
651028,6044929,0.03,4,10,41,50,B5,Diesel,A,29,Midi-Pyrenees,0,0
651176,6045472,0.05,4,3,67,50,B12,Regular,E,4902,Ile-de-France,0,0
651768,6047564,0.5,7,3,58,50,B12,Regular,C,421,Provence-Alpes-Cotes-D'Azur,0,0
652160,6048947,0.57,6,2,50,50,B12,Regular,E,3193,Ile-de-France,0,0
654094,6055645,0.32,7,3,46,50,B12,Diesel,A,45,Midi-Pyrenees,0,0
654563,6057203,0.47,10,2,64,50,B12,Regular,D,1535,Aquitaine,0,0
654784,6058036,0.24,12,2,49,50,B12,Diesel,A,28,Picardie,0,0
654923,6058479,0.51,4,2,40,63,B12,Regular,E,9307,Rhone-Alpes,0,0
655340,6059833,0.56,6,2,77,50,B12,Regular,C,393,Languedoc-Roussillon,1346.4,1
655410,6060089,0.58,5,2,60,50,B12,Diesel,C,436,Bretagne,0,0
657013,6066674,0.74,10,15,52,90,B12,Diesel,E,4753,Ile-de-France,1320,1
657242,6067770,0.07,5,0,38,54,B12,Regular,D,523,Ile-de-France,0,0
657788,6069700,0.06,12,1,61,50,B12,Diesel,D,1462,Ile-de-France,0,0
657840,6069808,0.12,4,1,76,50,B12,Diesel,B,58,Aquitaine,0,0
658100,6070740,0.53,7,4,47,60,B12,Diesel,F,16533,Ile-de-France,0,0
658143,6070957,0.53,6,1,57,54,B12,Diesel,C,112,Pays-de-la-Loire,0,0
662408,6088264,0.08,7,9,24,85,B5,Regular,D,626,Provence-Alpes-Cotes-D'Azur,0,0
663545,6090494,0.57,8,1,36,60,B12,Regular,E,3744,Provence-Alpes-Cotes-D'Azur,0,0
666302,6095866,0.37,4,10,31,100,B2,Regular,D,1445,Aquitaine,0,0
667112,6097445,0.27,4,1,32,64,B12,Regular,F,27000,Ile-de-France,0,0
667550,6098280,0.29,4,1,33,60,B12,Regular,D,672,Ile-de-France,0,0
669266,6101496,0.65,4,1,48,50,B12,Regular,F,27000,Ile-de-France,0,0
669391,6101730,0.16,4,1,51,50,B12,Regular,B,54,Bretagne,0,0
670113,6103061,0.01,4,10,33,60,B2,Regular,D,1162,Languedoc-Roussillon,0,0
670848,6104439,0.00821917808219178,8,1,44,50,B12,Diesel,A,19,Bourgogne,0,0
670983,6104690,0.01,4,1,46,50,B12,Regular,D,1874,Ile-de-France,0,0
671255,6105240,0.74,4,1,63,50,B12,Regular,F,15703,Ile-de-France,0,0
673498,6109756,0.56,10,0,47,50,B12,Regular,C,222,Lorraine,0,0
675861,6112206,0.01,12,3,46,50,B12,Diesel,D,889,Rhone-Alpes,0,0
676382,6112727,0.32,8,2,36,51,B12,Diesel,C,467,Rhone-Alpes,0,0
677647,6113992,0.12,9,1,23,80,B4,Diesel,B,81,Midi-Pyrenees,0,0
